Pacuta_ATHC_TP10_2550	Pacuta_HTAC_TP1_1653	Pacuta_HTHC_TP6_1721	Pacuta_ATHC_TP10_1205	Pacuta_ATAC_TP5_1059	Pacuta_HTHC_TP1_2210	Pacuta_HTHC_TP11_1416	Pacuta_HTHC_TP4_1169	Pacuta_ATHC_TP11_2879	Pacuta_ATHC_TP7_1281	Pacuta_HTAC_TP5_1571	Pacuta_ATHC_TP1_1207	Pacuta_HTAC_TP8_1329	Pacuta_ATHC_TP1_2977	Pacuta_HTAC_TP7_1487	Pacuta_ATAC_TP6_1050	Pacuta_ATAC_TP7_1047	Pacuta_ATHC_TP8_2861	Pacuta_HTHC_TP5_1168	Pacuta_HTHC_TP3_2527	Pacuta_ATHC_TP6_2999	Pacuta_ATHC_TP3_1219	Pacuta_HTAC_TP5_1303	Pacuta_ATHC_TP10_2197	Pacuta_HTAC_TP3_2026	Pacuta_HTAC_TP6_1330	Pacuta_ATHC_TP11_2668	Pacuta_HTHC_TP1_1676	Pacuta_HTAC_TP10_1225	Pacuta_HTHC_TP3_1418	Pacuta_ATHC_TP4_2993	Pacuta_ATHC_TP5_1296	Pacuta_ATHC_TP9_2979	Pacuta_ATAC_TP7_1445	Pacuta_HTAC_TP9_1302	Pacuta_HTAC_TP9_1486	Pacuta_ATAC_TP1_1775	Pacuta_HTAC_TP6_1744	Pacuta_ATAC_TP6_1468	Pacuta_ATHC_TP5_2212	Pacuta_ATAC_TP10_1159	Pacuta_ATAC_TP8_1755	Pacuta_ATAC_TP9_1141	Pacuta_HTHC_TP8_1184	Pacuta_ATHC_TP1_2743	Pacuta_ATAC_TP1_1043	Pacuta_ATAC_TP6_1542	Pacuta_HTHC_TP4_1343	Pacuta_HTHC_TP7_1427	Pacuta_ATHC_TP3_2750	Pacuta_HTAC_TP4_1581	Pacuta_HTAC_TP11_1647	Pacuta_HTHC_TP4_2195	Pacuta_HTAC_TP11_1582	Pacuta_ATAC_TP4_2002	Pacuta_HTAC_TP4_1701	Pacuta_ATAC_TP5_1563	Pacuta_ATHC_TP8_2564	Pacuta_HTHC_TP1_1239	Pacuta_HTHC_TP10_1238	Pacuta_ATHC_TP7_2409	Pacuta_HTHC_TP7_1090	Pacuta_ATAC_TP3_1471	Pacuta_HTHC_TP10_1732	Pacuta_HTHC_TP7_1820	Pacuta_HTAC_TP10_1536	Pacuta_ATAC_TP9_1594	Pacuta_ATAC_TP10_1559	Pacuta_ATAC_TP5_1757	Pacuta_ATAC_TP1_2363	Pacuta_HTAC_TP1_2005	Pacuta_ATAC_TP4_1060	Pacuta_HTAC_TP3_1617	Pacuta_ATAC_TP10_1641	Pacuta_HTAC_TP8_1765	Pacuta_ATAC_TP11_2306	Pacuta_ATHC_TP11_1147	Pacuta_HTAC_TP11_1596	Pacuta_HTHC_TP5_2087	Pacuta_ATAC_TP4_1762	Pacuta_ATHC_TP3_2534	Pacuta_HTAC_TP5_1707	Pacuta_HTAC_TP9_1696	Pacuta_HTHC_TP8_1709	Pacuta_HTAC_TP10_2064	Pacuta_ATAC_TP7_2413	Pacuta_HTHC_TP3_1227	Pacuta_HTHC_TP6_1595	Pacuta_HTHC_TP8_2304	Pacuta_HTHC_TP9_2202	Pacuta_ATAC_TP3_1041	Pacuta_HTHC_TP6_1138	Pacuta_ATHC_TP7_2878	Pacuta_HTAC_TP1_2414	Pacuta_HTAC_TP7_1728	Pacuta_ATHC_TP4_1220	Pacuta_ATAC_TP9_2357	Pacuta_HTHC_TP9_2305	Pacuta_HTHC_TP10_2300	Pacuta_HTAC_TP6_1466	Pacuta_ATHC_TP5_2877	Pacuta_ATHC_TP6_2870	Pacuta_ATAC_TP3_1637	Pacuta_ATHC_TP9_1451	Pacuta_HTAC_TP8_2513	Pacuta_HTHC_TP9_1131	Pacuta_ATAC_TP11_1103	Pacuta_ATAC_TP8_2012	Pacuta_ATHC_TP9_2873	Pacuta_HTHC_TP11_2185	Pacuta_HTHC_TP5_1415	Pacuta_ATHC_TP6_1254	Pacuta_HTAC_TP3_1642	Pacuta_HTAC_TP7_2072	Pacuta_ATHC_TP8_1459	Pacuta_ATAC_TP8_1051	Pacuta_HTAC_TP4_1767	Pacuta_ATAC_TP11_1777	Pacuta_ATHC_TP4_2733
Pacuta_ATHC_TP4_2733	85.85	77.71	77.53	81.83	81.51	82.19	81.86	81.91	81.94	81.94	81.95	81.91	81.95	81.93	81.92	81.93	81.98	81.88	81.92	81.85	81.83	81.83	81.86	81.88	81.85	81.52	81.84	81.56	81.66	81.69	81.71	81.74	81.76	85.93	83.62	83.71	83.74	83.84	83.85	83.86	83.57	83.64	83.6	82.35	82.42	82.67	82.67	82.64	82.66	82.64	82.65	83.59	83.66	83.61	83.66	83.65	83.66	83.66	83.62	83.54	83.63	83.63	83.36	83.42	83.59	83.49	83.49	83.5	83.53	83.43	83.44	83.42	83.45	83.35	83.3	90.58	90.71	90.67	90.76	90.82	90.81	90.8	90.86	90.82	90.37	90.4	90.45	90.49	90.43	90.47	90.55	90.6	90.6	90.73	90.71	90.07	89.93	90.02	90.17	90.14	90.19	90.23	90.09	90.02	89.96	89.97	89.76	89.82	89.73	87.23	88.46	93.14	94.96	94.87	95.32	95.4	95.77	95.48	100
Pacuta_ATAC_TP11_1777	85.58	77.78	77.66	82.02	81.66	82.33	82.05	82.06	82.11	82.12	82.12	82.1	82.11	82.11	82.12	82.12	82.15	82.06	82.1	82.04	82.04	82.02	82.04	82.1	82.04	81.74	82	81.77	81.89	81.89	81.92	81.95	81.98	86.17	83.78	83.91	83.93	84.02	83.99	84.02	83.79	83.86	83.81	82.4	82.45	82.62	82.63	82.62	82.63	82.59	82.6	83.64	83.65	83.66	83.67	83.65	83.68	83.68	83.67	83.6	83.66	83.67	83.46	83.52	83.64	83.56	83.59	83.6	83.61	83.54	83.55	83.52	83.55	83.46	83.42	90.29	90.34	90.33	90.34	90.36	90.44	90.41	90.44	90.41	90.09	90.12	90.14	90.2	90.12	90.16	90.22	90.26	90.25	90.37	90.32	89.77	89.72	89.77	89.93	89.89	89.92	89.96	89.86	89.82	89.73	89.74	89.6	89.61	89.56	87.29	88.63	93.3	95.18	95.15	94.95	95.05	95.31	100	95.48
Pacuta_HTAC_TP4_1767	86.08	77.71	77.76	82.1	81.68	82.32	82.1	82.09	82.12	82.16	82.15	82.13	82.15	82.17	82.21	82.21	82.25	82.17	82.2	82.14	82.11	82.11	82.16	82.18	82.13	81.84	81.95	81.86	82	81.99	82.02	82.05	82.06	86.06	83.79	83.99	83.99	84.09	84.01	84.03	83.88	83.94	83.91	82.58	82.62	82.78	82.79	82.82	82.82	82.7	82.73	83.73	83.77	83.73	83.77	83.77	83.77	83.77	83.86	83.78	83.84	83.85	83.66	83.69	83.8	83.76	83.76	83.77	83.82	83.71	83.71	83.71	83.74	83.58	83.61	90.56	90.65	90.66	90.66	90.71	90.8	90.76	90.79	90.78	90.56	90.57	90.64	90.69	90.62	90.61	90.71	90.75	90.75	90.83	90.81	90.14	90.17	90.26	90.4	90.38	90.39	90.44	90.34	90.3	90.19	90.18	90	90.1	90	87.34	88.82	92.92	94.86	95.06	95.58	95.69	100	95.31	95.77
Pacuta_ATAC_TP8_1051	85.98	77.67	77.75	82.11	81.63	82.29	82.08	82.07	82.14	82.15	82.13	82.11	82.14	82.17	82.19	82.2	82.24	82.19	82.2	82.16	82.14	82.13	82.16	82.19	82.16	81.89	81.93	81.9	82.03	82.02	82.04	82.09	82.11	85.99	83.75	83.97	83.94	84.04	83.97	83.98	83.89	83.95	83.92	82.6	82.59	82.68	82.72	82.71	82.72	82.6	82.6	83.65	83.67	83.65	83.66	83.67	83.69	83.68	83.79	83.73	83.78	83.79	83.63	83.63	83.73	83.72	83.75	83.75	83.79	83.68	83.66	83.67	83.71	83.6	83.62	90.39	90.41	90.47	90.42	90.46	90.6	90.52	90.54	90.53	90.44	90.37	90.47	90.45	90.5	90.48	90.52	90.54	90.52	90.61	90.57	90.01	90.07	90.2	90.33	90.25	90.27	90.32	90.2	90.2	90.05	90.13	89.93	90.08	89.97	87.22	88.74	92.75	94.54	94.76	95.46	100	95.69	95.05	95.4
Pacuta_ATHC_TP8_1459	85.95	77.7	77.79	82.1	81.65	82.3	82.06	82.06	82.11	82.13	82.11	82.08	82.11	82.16	82.18	82.19	82.22	82.16	82.17	82.13	82.12	82.12	82.14	82.18	82.14	81.89	81.91	81.89	82.01	82	82.02	82.06	82.08	85.99	83.79	83.98	83.96	84.07	83.98	83.97	83.88	83.96	83.92	82.54	82.56	82.64	82.66	82.66	82.66	82.51	82.53	83.59	83.63	83.59	83.61	83.61	83.62	83.62	83.72	83.69	83.7	83.74	83.6	83.6	83.72	83.69	83.71	83.7	83.71	83.63	83.64	83.62	83.67	83.55	83.6	90.32	90.37	90.35	90.32	90.37	90.5	90.43	90.45	90.44	90.36	90.34	90.4	90.4	90.41	90.4	90.44	90.46	90.46	90.52	90.48	89.95	90.04	90.13	90.22	90.18	90.23	90.24	90.16	90.1	90.06	90.08	89.87	89.97	89.89	87.16	88.69	92.62	94.59	94.77	100	95.46	95.58	94.95	95.32
Pacuta_HTAC_TP7_2072	85.63	77.76	77.86	82.24	81.78	82.42	82.22	82.25	82.25	82.29	82.29	82.24	82.27	82.34	82.36	82.36	82.39	82.3	82.34	82.3	82.28	82.28	82.31	82.34	82.29	82.04	82.05	82.07	82.17	82.19	82.21	82.22	82.24	86.15	83.99	84.12	84.12	84.19	84.11	84.1	83.99	84.05	84.02	82.5	82.57	82.67	82.7	82.7	82.67	82.48	82.48	83.6	83.64	83.56	83.62	83.61	83.61	83.62	83.76	83.7	83.72	83.78	83.65	83.62	83.8	83.68	83.7	83.68	83.71	83.65	83.65	83.63	83.7	83.54	83.59	89.96	90	89.93	89.89	90.03	90.08	90.09	90.03	90.07	89.94	90.03	90	90.08	89.94	89.98	90.05	90.14	90.09	90.13	90.17	89.55	89.63	89.68	89.75	89.79	89.8	89.84	89.8	89.72	89.73	89.63	89.47	89.51	89.52	87.13	88.9	92.64	95.06	100	94.77	94.76	95.06	95.15	94.87
Pacuta_HTAC_TP3_1642	85.49	77.76	77.77	82.12	81.69	82.35	82.13	82.17	82.14	82.19	82.2	82.13	82.16	82.2	82.22	82.21	82.22	82.14	82.18	82.15	82.12	82.1	82.13	82.16	82.13	81.86	81.98	81.91	81.99	82.03	82.03	82.05	82.05	86.1	83.97	83.97	83.97	84.05	84.02	84.03	83.83	83.89	83.87	82.32	82.42	82.55	82.57	82.57	82.55	82.43	82.43	83.54	83.62	83.51	83.56	83.55	83.56	83.59	83.64	83.54	83.58	83.63	83.47	83.44	83.66	83.54	83.53	83.54	83.55	83.51	83.53	83.45	83.55	83.43	83.45	89.96	90.01	89.87	89.86	90.02	90.06	90.09	89.99	90.04	89.72	89.89	89.84	89.93	89.74	89.8	89.87	89.96	89.95	90.01	90.01	89.39	89.47	89.51	89.57	89.61	89.62	89.7	89.63	89.54	89.56	89.48	89.3	89.31	89.3	87.03	88.7	92.58	100	95.06	94.59	94.54	94.86	95.18	94.96
Pacuta_ATHC_TP6_1254	84.53	78.2	77.42	81.68	81.21	81.78	81.6	81.62	81.69	81.68	81.67	81.66	81.68	81.7	81.71	81.73	81.76	81.7	81.74	81.67	81.66	81.65	81.68	81.7	81.66	81.37	81.9	81.4	81.49	81.5	81.54	81.59	81.61	84.96	82.76	82.95	82.97	83.05	83	83	82.86	82.94	82.92	82	82	82.23	82.16	82.15	82.17	82.07	82.07	82.71	82.76	82.75	82.77	82.77	82.79	82.78	82.84	82.79	82.86	82.86	82.71	82.71	82.8	82.78	82.78	82.84	82.86	82.77	82.76	82.77	82.79	82.76	82.68	88.45	88.51	88.55	88.71	88.59	88.68	88.63	88.65	88.64	88.5	88.47	88.57	88.55	88.58	88.58	88.61	88.64	88.62	88.69	88.63	88.44	88.18	88.27	88.36	88.35	88.41	88.44	88.31	88.31	88.15	88.22	88.07	88.16	88.1	86.08	87.11	100	92.58	92.64	92.62	92.75	92.92	93.3	93.14
Pacuta_HTHC_TP5_1415	81.27	76.25	76.37	82.06	80.56	81.34	83.17	83.16	83.15	83.19	83.19	83.13	83.16	83.25	83.27	83.28	83.29	83.23	83.25	83.23	83.22	83.21	83.23	83.26	83.23	83.1	82.85	83.04	83.2	83.17	83.14	83.17	83.17	82.63	84.86	84.97	84.94	85.04	84.92	84.92	84.89	84.93	84.88	83.29	83.33	83.34	83.38	83.35	83.34	83.14	83.15	85.1	85.15	85.09	85.09	85.12	85.12	85.11	85.29	85.22	85.24	85.29	85.24	85.2	85.31	85.24	85.26	85.23	85.26	85.21	85.25	85.2	85.23	85.09	85.2	86.3	86.28	86.25	86.15	86.27	86.34	86.31	86.23	86.25	86.43	86.45	86.42	86.48	86.42	86.35	86.41	86.42	86.42	86.4	86.41	86.16	86.36	86.33	86.37	86.38	86.34	86.41	86.45	86.39	86.31	86.28	86.29	86.3	86.34	90.7	100	87.11	88.7	88.9	88.69	88.74	88.82	88.63	88.46
Pacuta_HTHC_TP11_2185	80.29	78.77	78.71	82.26	83.37	84.03	84.05	84.03	84.1	84.09	84.09	84.09	84.11	84.07	84.07	84.09	84.14	84.05	84.08	83.97	83.98	83.98	83.98	84.05	83.99	83.67	83.86	83.71	83.85	83.82	83.86	83.89	83.93	83.05	85.33	85.45	85.5	85.57	85.6	85.61	85.35	85.41	85.37	83.25	83.28	83.46	83.47	83.45	83.48	83.43	83.44	84.8	84.81	84.83	84.81	84.81	84.83	84.82	84.77	84.76	84.84	84.81	84.58	84.68	84.76	84.7	84.72	84.72	84.74	84.67	84.66	84.65	84.69	84.56	84.55	85.44	85.46	85.48	85.4	85.44	85.51	85.48	85.45	85.47	85.42	85.41	85.4	85.46	85.41	85.4	85.42	85.47	85.47	85.51	85.48	85.2	85.22	85.22	85.34	85.3	85.27	85.35	85.3	85.28	85.21	85.2	85.16	85.16	85.13	100	90.7	86.08	87.03	87.13	87.16	87.22	87.34	87.29	87.23
Pacuta_ATHC_TP9_2873	85.02	79.97	80.25	81.96	81.47	82.09	83.31	83.31	83.36	83.38	83.37	83.35	83.36	83.41	83.45	83.46	83.48	83.46	83.45	83.39	83.41	83.4	83.43	83.45	83.42	83.17	83.13	83.18	83.27	83.25	83.3	83.35	83.37	85.18	84.54	84.77	84.81	84.86	84.79	84.79	84.73	84.8	84.75	83.16	83.15	83.2	83.23	83.21	83.22	83.06	83.08	83.16	83.18	83.11	83.16	83.15	83.17	83.17	83.33	83.27	83.29	83.33	83.3	83.39	83.3	83.28	83.35	83.34	83.34	83.32	83.27	83.28	83.3	83.2	83.25	94.83	94.9	94.92	94.86	94.94	95.11	95.07	95.08	95.1	94.89	94.84	94.93	94.94	94.97	95	95.03	95.04	95.09	95.1	95.05	94.29	94.57	94.6	94.69	94.76	94.86	94.84	94.68	94.68	94.51	94.58	94.27	94.49	100	85.13	86.34	88.1	89.3	89.52	89.89	89.97	90	89.56	89.73
Pacuta_ATAC_TP8_2012	85.05	79.91	80.2	81.9	81.44	82.06	83.23	83.24	83.3	83.32	83.31	83.28	83.3	83.32	83.35	83.37	83.41	83.39	83.38	83.31	83.33	83.33	83.32	83.37	83.35	83.07	83.07	83.11	83.17	83.18	83.22	83.28	83.31	85.16	84.5	84.74	84.76	84.81	84.77	84.76	84.68	84.77	84.73	83.18	83.14	83.2	83.2	83.2	83.22	83.08	83.09	83.13	83.17	83.12	83.17	83.16	83.19	83.17	83.32	83.27	83.29	83.33	83.28	83.4	83.29	83.31	83.34	83.36	83.34	83.32	83.28	83.29	83.3	83.23	83.25	94.97	94.97	95.11	95.04	95.19	95.25	95.23	95.27	95.24	95	94.93	95.12	95.05	95.19	95.15	95.21	95.19	95.2	95.24	95.19	94.37	94.63	94.8	94.88	94.86	94.98	94.92	94.75	94.8	94.63	94.74	94.42	100	94.49	85.16	86.3	88.16	89.31	89.51	89.97	90.08	90.1	89.61	89.82
Pacuta_ATAC_TP11_1103	85.01	79.99	80.24	81.94	81.48	82.09	83.27	83.27	83.33	83.34	83.33	83.31	83.33	83.37	83.39	83.41	83.43	83.4	83.4	83.35	83.37	83.36	83.37	83.39	83.38	83.09	83.14	83.13	83.22	83.21	83.27	83.3	83.32	85.17	84.54	84.76	84.78	84.84	84.77	84.76	84.71	84.75	84.72	83.14	83.17	83.23	83.24	83.21	83.23	83.07	83.1	83.17	83.18	83.14	83.17	83.15	83.17	83.15	83.32	83.27	83.29	83.33	83.26	83.4	83.33	83.29	83.32	83.35	83.35	83.31	83.31	83.29	83.28	83.24	83.24	94.89	94.93	94.98	94.89	95.01	95.1	95.04	95.06	95.07	94.84	94.82	94.94	94.92	94.97	94.95	95	95.02	95.03	95.11	95.04	94.31	94.45	94.57	94.68	94.71	94.74	94.78	94.58	94.61	94.48	94.53	100	94.42	94.27	85.16	86.29	88.07	89.3	89.47	89.87	89.93	90	89.6	89.76
Pacuta_HTHC_TP9_1131	85.09	79.94	80.18	81.88	81.42	82.06	83.21	83.21	83.26	83.29	83.27	83.26	83.29	83.31	83.34	83.34	83.37	83.34	83.34	83.27	83.29	83.29	83.29	83.31	83.31	83.02	83.05	83.05	83.14	83.14	83.19	83.21	83.26	85.21	84.55	84.75	84.73	84.82	84.76	84.75	84.66	84.72	84.71	83.19	83.15	83.25	83.24	83.24	83.27	83.11	83.15	83.19	83.22	83.19	83.21	83.2	83.22	83.22	83.33	83.32	83.31	83.35	83.25	83.43	83.34	83.32	83.33	83.36	83.32	83.31	83.27	83.28	83.3	83.23	83.24	95.21	95.31	95.38	95.29	95.38	95.48	95.46	95.58	95.53	95.3	95.16	95.28	95.28	95.38	95.4	95.36	95.35	95.41	95.45	95.44	94.59	94.76	95.03	95.14	95.04	95.09	95.1	94.88	94.89	94.91	100	94.53	94.74	94.58	85.2	86.28	88.22	89.48	89.63	90.08	90.13	90.18	89.74	89.97
Pacuta_HTAC_TP8_2513	85.08	79.95	80.2	81.94	81.46	82.1	83.25	83.24	83.28	83.32	83.31	83.26	83.3	83.34	83.37	83.37	83.4	83.36	83.37	83.3	83.31	83.31	83.33	83.35	83.33	83.03	83.07	83.07	83.17	83.16	83.21	83.24	83.3	85.22	84.61	84.8	84.78	84.87	84.79	84.78	84.7	84.75	84.76	83.19	83.15	83.26	83.27	83.26	83.27	83.09	83.13	83.19	83.24	83.19	83.2	83.17	83.21	83.21	83.34	83.34	83.32	83.37	83.3	83.44	83.37	83.33	83.35	83.33	83.33	83.3	83.27	83.28	83.32	83.25	83.26	95.21	95.4	95.35	95.21	95.35	95.44	95.45	95.55	95.52	95.2	95.17	95.22	95.3	95.3	95.34	95.33	95.38	95.41	95.42	95.48	94.48	94.71	94.97	95.04	95.01	95	95.1	94.89	94.84	100	94.91	94.48	94.63	94.51	85.21	86.31	88.15	89.56	89.73	90.06	90.05	90.19	89.73	89.96
Pacuta_ATHC_TP9_1451	85.15	79.99	80.24	81.97	81.52	82.15	83.31	83.31	83.37	83.38	83.38	83.36	83.37	83.42	83.45	83.46	83.48	83.44	83.45	83.39	83.4	83.38	83.41	83.44	83.4	83.12	83.16	83.16	83.24	83.24	83.29	83.32	83.36	85.27	84.62	84.82	84.88	84.95	84.89	84.88	84.79	84.85	84.82	83.2	83.2	83.31	83.34	83.3	83.34	83.18	83.2	83.22	83.27	83.22	83.26	83.25	83.27	83.25	83.4	83.37	83.38	83.4	83.35	83.47	83.39	83.35	83.4	83.42	83.42	83.37	83.33	83.33	83.37	83.27	83.29	95.25	95.27	95.37	95.33	95.43	95.57	95.53	95.55	95.5	95.22	95.27	95.36	95.36	95.38	95.39	95.46	95.5	95.49	95.57	95.49	94.61	94.83	94.93	95.08	95.11	95.2	95.2	95.04	100	94.84	94.89	94.61	94.8	94.68	85.28	86.39	88.31	89.54	89.72	90.1	90.2	90.3	89.82	90.02
Pacuta_ATAC_TP3_1637	85.17	80.03	80.3	81.98	81.53	82.18	83.32	83.35	83.38	83.39	83.41	83.38	83.38	83.44	83.47	83.48	83.49	83.44	83.47	83.42	83.41	83.41	83.43	83.45	83.43	83.12	83.15	83.14	83.25	83.27	83.29	83.34	83.35	85.26	84.62	84.83	84.86	84.92	84.87	84.86	84.74	84.8	84.77	83.24	83.26	83.39	83.4	83.38	83.38	83.23	83.27	83.27	83.31	83.25	83.3	83.29	83.3	83.31	83.45	83.39	83.4	83.46	83.38	83.49	83.44	83.37	83.42	83.43	83.44	83.38	83.37	83.36	83.4	83.28	83.31	95.31	95.35	95.39	95.37	95.49	95.61	95.61	95.59	95.55	95.23	95.31	95.41	95.41	95.4	95.42	95.51	95.5	95.53	95.61	95.55	94.64	94.87	94.95	95.06	95.15	95.18	95.25	100	95.04	94.89	94.88	94.58	94.75	94.68	85.3	86.45	88.31	89.63	89.8	90.16	90.2	90.34	89.86	90.09
Pacuta_ATHC_TP6_2870	85.21	80.03	80.26	81.93	81.51	82.17	83.29	83.31	83.36	83.38	83.38	83.35	83.36	83.39	83.43	83.44	83.46	83.39	83.42	83.36	83.39	83.38	83.38	83.41	83.38	83.06	83.14	83.09	83.18	83.2	83.25	83.3	83.3	85.33	84.62	84.82	84.86	84.94	84.88	84.88	84.74	84.81	84.78	83.24	83.24	83.39	83.39	83.39	83.41	83.27	83.29	83.3	83.36	83.3	83.37	83.35	83.36	83.35	83.46	83.43	83.46	83.5	83.4	83.51	83.45	83.41	83.45	83.45	83.47	83.44	83.38	83.4	83.4	83.29	83.33	95.56	95.64	95.65	95.66	95.75	95.88	95.85	95.88	95.86	95.52	95.53	95.64	95.64	95.65	95.68	95.75	95.78	95.81	95.85	95.83	94.85	95.04	95.19	95.32	95.36	95.4	100	95.25	95.2	95.1	95.1	94.78	94.92	94.84	85.35	86.41	88.44	89.7	89.84	90.24	90.32	90.44	89.96	90.23
Pacuta_ATHC_TP5_2877	85.15	79.91	80.14	81.85	81.39	82.06	83.2	83.23	83.28	83.29	83.29	83.27	83.28	83.32	83.34	83.35	83.37	83.34	83.36	83.28	83.3	83.3	83.31	83.32	83.32	83	83.06	83.05	83.1	83.13	83.18	83.24	83.26	85.24	84.52	84.71	84.78	84.84	84.81	84.8	84.67	84.73	84.71	83.18	83.22	83.32	83.31	83.31	83.31	83.21	83.23	83.23	83.27	83.22	83.27	83.27	83.27	83.26	83.39	83.32	83.38	83.4	83.29	83.44	83.33	83.33	83.35	83.4	83.41	83.34	83.31	83.33	83.34	83.24	83.23	95.47	95.6	95.59	95.63	95.73	95.81	95.8	95.81	95.85	95.49	95.42	95.59	95.54	95.62	95.65	95.71	95.7	95.7	95.81	95.69	94.91	95.06	95.14	95.29	95.31	100	95.4	95.18	95.2	95	95.09	94.74	94.98	94.86	85.27	86.34	88.41	89.62	89.8	90.23	90.27	90.39	89.92	90.19
Pacuta_HTAC_TP6_1466	85.19	79.99	80.23	81.93	81.49	82.14	83.28	83.3	83.34	83.35	83.37	83.34	83.35	83.39	83.41	83.43	83.45	83.4	83.42	83.35	83.37	83.36	83.37	83.4	83.37	83.07	83.13	83.1	83.21	83.19	83.25	83.28	83.32	85.29	84.61	84.82	84.86	84.92	84.89	84.87	84.73	84.81	84.78	83.22	83.23	83.35	83.35	83.34	83.37	83.23	83.25	83.29	83.34	83.28	83.31	83.32	83.33	83.31	83.46	83.41	83.44	83.46	83.35	83.51	83.42	83.4	83.43	83.43	83.45	83.39	83.37	83.37	83.39	83.28	83.31	95.43	95.5	95.57	95.53	95.63	95.75	95.7	95.79	95.74	95.43	95.41	95.51	95.52	95.59	95.57	95.6	95.65	95.66	95.73	95.69	94.77	94.93	95.12	95.25	100	95.31	95.36	95.15	95.11	95.01	95.04	94.71	94.86	94.76	85.3	86.38	88.35	89.61	89.79	90.18	90.25	90.38	89.89	90.14
Pacuta_HTHC_TP10_2300	85.15	79.94	80.17	81.87	81.44	82.11	83.29	83.27	83.33	83.34	83.34	83.31	83.35	83.35	83.37	83.4	83.42	83.37	83.38	83.31	83.32	83.31	83.32	83.36	83.33	83.01	83.11	83.02	83.17	83.15	83.19	83.22	83.28	85.29	84.58	84.79	84.79	84.89	84.85	84.83	84.68	84.77	84.74	83.24	83.18	83.32	83.34	83.35	83.39	83.25	83.28	83.32	83.33	83.33	83.34	83.34	83.33	83.34	83.44	83.44	83.44	83.47	83.31	83.52	83.42	83.41	83.42	83.41	83.43	83.37	83.34	83.37	83.39	83.3	83.32	95.49	95.63	95.73	95.63	95.67	95.81	95.76	95.9	95.84	95.58	95.41	95.5	95.57	95.65	95.69	95.64	95.66	95.72	95.79	95.77	94.78	94.93	95.2	100	95.25	95.29	95.32	95.06	95.08	95.04	95.14	94.68	94.88	94.69	85.34	86.37	88.36	89.57	89.75	90.22	90.33	90.4	89.93	90.17
Pacuta_HTHC_TP9_2305	85.13	79.94	80.18	81.91	81.45	82.09	83.26	83.25	83.3	83.33	83.31	83.3	83.32	83.33	83.37	83.39	83.42	83.38	83.38	83.3	83.33	83.32	83.32	83.36	83.34	83.05	83.1	83.08	83.18	83.16	83.22	83.25	83.31	85.23	84.59	84.81	84.79	84.88	84.83	84.82	84.7	84.79	84.78	83.22	83.19	83.27	83.29	83.28	83.34	83.15	83.2	83.22	83.26	83.22	83.24	83.24	83.25	83.25	83.37	83.36	83.36	83.4	83.29	83.45	83.37	83.34	83.34	83.37	83.37	83.32	83.32	83.33	83.33	83.25	83.26	95.29	95.43	95.46	95.37	95.44	95.59	95.56	95.66	95.63	95.38	95.24	95.4	95.38	95.48	95.49	95.46	95.48	95.54	95.56	95.57	94.63	94.85	100	95.2	95.12	95.14	95.19	94.95	94.93	94.97	95.03	94.57	94.8	94.6	85.22	86.33	88.27	89.51	89.68	90.13	90.2	90.26	89.77	90.02
Pacuta_ATAC_TP9_2357	85.09	79.98	80.23	81.94	81.48	82.13	83.29	83.29	83.34	83.35	83.35	83.32	83.34	83.38	83.41	83.42	83.43	83.42	83.42	83.35	83.37	83.38	83.38	83.41	83.39	83.11	83.12	83.15	83.22	83.21	83.28	83.3	83.34	85.21	84.58	84.78	84.83	84.89	84.83	84.8	84.72	84.79	84.76	83.18	83.18	83.26	83.28	83.25	83.28	83.12	83.15	83.21	83.24	83.2	83.23	83.21	83.23	83.22	83.38	83.33	83.33	83.38	83.3	83.43	83.35	83.33	83.37	83.39	83.38	83.35	83.31	83.3	83.34	83.27	83.26	95.1	95.21	95.21	95.13	95.26	95.36	95.32	95.38	95.38	95.12	95.09	95.2	95.18	95.2	95.22	95.24	95.27	95.33	95.38	95.32	94.51	100	94.85	94.93	94.93	95.06	95.04	94.87	94.83	94.71	94.76	94.45	94.63	94.57	85.22	86.36	88.18	89.47	89.63	90.04	90.07	90.17	89.72	89.93
Pacuta_ATHC_TP4_1220	84.94	80.03	80.08	81.79	81.37	82.03	83.12	83.14	83.19	83.2	83.21	83.2	83.21	83.23	83.25	83.27	83.28	83.24	83.26	83.2	83.2	83.2	83.21	83.24	83.2	82.88	83.08	82.93	83.03	83.03	83.08	83.11	83.14	85.11	84.41	84.61	84.63	84.72	84.67	84.67	84.5	84.6	84.55	83.11	83.16	83.32	83.28	83.27	83.31	83.2	83.21	83.21	83.26	83.22	83.26	83.25	83.25	83.24	83.37	83.3	83.34	83.36	83.23	83.37	83.34	83.28	83.3	83.33	83.36	83.3	83.28	83.28	83.29	83.21	83.18	95.01	95.15	95.09	95.28	95.23	95.33	95.28	95.35	95.31	95.02	94.93	95.08	95.04	95.11	95.13	95.18	95.18	95.19	95.36	95.25	100	94.51	94.63	94.78	94.77	94.91	94.85	94.64	94.61	94.48	94.59	94.31	94.37	94.29	85.2	86.16	88.44	89.39	89.55	89.95	90.01	90.14	89.77	90.07
Pacuta_HTAC_TP7_1728	85.34	80.03	80.18	81.84	81.47	82.17	83.29	83.32	83.35	83.39	83.39	83.38	83.41	83.38	83.4	83.41	83.45	83.36	83.39	83.29	83.29	83.28	83.31	83.36	83.3	82.93	83.16	82.97	83.11	83.12	83.14	83.18	83.23	85.41	84.67	84.85	84.84	84.98	84.96	84.95	84.68	84.79	84.74	83.22	83.25	83.49	83.52	83.5	83.54	83.42	83.45	83.44	83.48	83.43	83.46	83.46	83.47	83.47	83.51	83.46	83.53	83.56	83.31	83.53	83.52	83.42	83.44	83.43	83.46	83.37	83.34	83.36	83.38	83.26	83.26	96.23	96.41	96.38	96.38	96.45	96.61	96.57	96.7	96.63	96.03	96.07	96.09	96.22	96.15	96.2	96.28	96.39	96.42	96.55	100	95.25	95.32	95.57	95.77	95.69	95.69	95.83	95.55	95.49	95.48	95.44	95.04	95.19	95.05	85.48	86.41	88.63	90.01	90.17	90.48	90.57	90.81	90.32	90.71
Pacuta_HTAC_TP1_2414	85.34	80.01	80.14	81.8	81.46	82.17	83.23	83.27	83.33	83.33	83.36	83.34	83.35	83.35	83.37	83.39	83.42	83.33	83.34	83.27	83.27	83.24	83.29	83.31	83.27	82.9	83.13	82.94	83.05	83.1	83.11	83.15	83.18	85.4	84.62	84.8	84.83	84.95	84.93	84.93	84.66	84.76	84.71	83.21	83.26	83.5	83.49	83.5	83.52	83.45	83.45	83.43	83.49	83.44	83.52	83.5	83.49	83.5	83.54	83.46	83.54	83.56	83.32	83.54	83.5	83.42	83.45	83.46	83.48	83.4	83.4	83.4	83.4	83.27	83.28	96.25	96.39	96.41	96.45	96.55	96.67	96.61	96.69	96.62	96.04	96.08	96.19	96.25	96.19	96.23	96.38	96.43	96.43	100	96.55	95.36	95.38	95.56	95.79	95.73	95.81	95.85	95.61	95.57	95.42	95.45	95.11	95.24	95.1	85.51	86.4	88.69	90.01	90.13	90.52	90.61	90.83	90.37	90.73
Pacuta_ATHC_TP7_2878	85.3	79.99	80.18	81.84	81.47	82.15	83.26	83.29	83.33	83.36	83.35	83.34	83.35	83.37	83.39	83.4	83.43	83.35	83.36	83.3	83.3	83.28	83.31	83.36	83.31	82.95	83.13	83	83.1	83.12	83.15	83.19	83.24	85.38	84.62	84.82	84.84	84.94	84.92	84.91	84.68	84.77	84.74	83.23	83.27	83.47	83.47	83.48	83.52	83.38	83.42	83.39	83.44	83.4	83.45	83.43	83.43	83.44	83.5	83.44	83.51	83.54	83.33	83.51	83.48	83.41	83.42	83.43	83.47	83.38	83.37	83.37	83.39	83.27	83.28	96.1	96.24	96.26	96.26	96.32	96.46	96.42	96.52	96.47	95.92	96.02	96.05	96.14	96.1	96.12	96.21	96.29	100	96.43	96.42	95.19	95.33	95.54	95.72	95.66	95.7	95.81	95.53	95.49	95.41	95.41	95.03	95.2	95.09	85.47	86.42	88.62	89.95	90.09	90.46	90.52	90.75	90.25	90.6
Pacuta_HTHC_TP6_1138	85.32	80.03	80.2	81.86	81.5	82.17	83.28	83.32	83.35	83.38	83.39	83.37	83.38	83.38	83.42	83.43	83.45	83.38	83.4	83.32	83.32	83.31	83.33	83.38	83.33	82.98	83.15	83	83.11	83.14	83.18	83.21	83.24	85.4	84.64	84.84	84.86	84.96	84.93	84.94	84.7	84.81	84.75	83.21	83.25	83.5	83.5	83.49	83.52	83.41	83.43	83.4	83.45	83.39	83.44	83.45	83.45	83.44	83.52	83.46	83.53	83.57	83.35	83.54	83.5	83.44	83.46	83.46	83.48	83.4	83.38	83.4	83.4	83.29	83.3	96.06	96.17	96.23	96.24	96.38	96.43	96.44	96.52	96.47	95.9	95.99	96.04	96.14	96.1	96.09	96.21	100	96.29	96.43	96.39	95.18	95.27	95.48	95.66	95.65	95.7	95.78	95.5	95.5	95.38	95.35	95.02	95.19	95.04	85.47	86.42	88.64	89.96	90.14	90.46	90.54	90.75	90.26	90.6
Pacuta_ATAC_TP3_1041	85.3	80.02	80.2	81.86	81.49	82.17	83.26	83.31	83.35	83.36	83.38	83.37	83.37	83.39	83.42	83.41	83.45	83.39	83.39	83.33	83.33	83.31	83.33	83.37	83.33	82.97	83.14	83.02	83.11	83.17	83.18	83.23	83.26	85.41	84.61	84.82	84.84	84.96	84.92	84.9	84.71	84.8	84.76	83.23	83.27	83.46	83.45	83.45	83.48	83.4	83.4	83.37	83.42	83.37	83.42	83.42	83.42	83.42	83.51	83.44	83.5	83.53	83.34	83.52	83.46	83.42	83.44	83.46	83.48	83.4	83.38	83.38	83.39	83.28	83.27	95.98	96.09	96.14	96.2	96.29	96.38	96.33	96.44	96.36	95.87	95.9	96.02	96.07	96.07	96.07	100	96.21	96.21	96.38	96.28	95.18	95.24	95.46	95.64	95.6	95.71	95.75	95.51	95.46	95.33	95.36	95	95.21	95.03	85.42	86.41	88.61	89.87	90.05	90.44	90.52	90.71	90.22	90.55
Pacuta_HTHC_TP9_2202	85.25	79.98	80.16	81.83	81.44	82.12	83.21	83.24	83.29	83.31	83.3	83.3	83.31	83.31	83.34	83.35	83.39	83.33	83.35	83.25	83.28	83.27	83.29	83.31	83.29	82.95	83.07	82.97	83.08	83.11	83.14	83.17	83.22	85.34	84.56	84.79	84.8	84.9	84.86	84.86	84.67	84.75	84.72	83.2	83.21	83.4	83.4	83.39	83.43	83.32	83.35	83.34	83.38	83.37	83.38	83.39	83.4	83.38	83.46	83.44	83.46	83.49	83.3	83.54	83.43	83.41	83.41	83.43	83.44	83.36	83.37	83.35	83.38	83.27	83.26	95.87	96.03	96.07	96.08	96.12	96.26	96.23	96.4	96.3	95.89	95.77	95.91	95.94	96	100	96.07	96.09	96.12	96.23	96.2	95.13	95.22	95.49	95.69	95.57	95.65	95.68	95.42	95.39	95.34	95.4	94.95	95.15	95	85.4	86.35	88.58	89.8	89.98	90.4	90.48	90.61	90.16	90.47
Pacuta_HTHC_TP8_2304	85.26	79.99	80.19	81.88	81.48	82.13	83.29	83.29	83.35	83.37	83.37	83.34	83.39	83.37	83.4	83.42	83.45	83.4	83.4	83.33	83.34	83.32	83.35	83.39	83.34	83.02	83.15	83.01	83.15	83.16	83.2	83.24	83.28	85.35	84.59	84.83	84.82	84.95	84.9	84.88	84.72	84.81	84.78	83.27	83.25	83.43	83.43	83.44	83.49	83.36	83.37	83.34	83.38	83.37	83.4	83.41	83.41	83.41	83.49	83.46	83.49	83.52	83.34	83.56	83.47	83.46	83.45	83.46	83.47	83.4	83.37	83.39	83.41	83.31	83.31	95.85	95.97	96.08	96.04	96.1	96.21	96.18	96.3	96.25	95.84	95.74	95.9	95.91	100	96	96.07	96.1	96.1	96.19	96.15	95.11	95.2	95.48	95.65	95.59	95.62	95.65	95.4	95.38	95.3	95.38	94.97	95.19	94.97	85.41	86.42	88.58	89.74	89.94	90.41	90.5	90.62	90.12	90.43
Pacuta_HTHC_TP6_1595	85.31	80.03	80.23	81.92	81.53	82.2	83.33	83.37	83.4	83.42	83.43	83.41	83.42	83.45	83.48	83.49	83.51	83.44	83.46	83.38	83.4	83.37	83.4	83.44	83.38	83.04	83.19	83.08	83.21	83.22	83.25	83.27	83.32	85.4	84.7	84.89	84.89	85.02	84.95	84.93	84.75	84.83	84.81	83.27	83.28	83.47	83.5	83.48	83.53	83.38	83.4	83.38	83.44	83.37	83.42	83.42	83.42	83.42	83.52	83.45	83.52	83.56	83.38	83.55	83.52	83.44	83.47	83.46	83.5	83.4	83.4	83.39	83.43	83.32	83.34	95.9	96.01	96.03	96.01	96.11	96.23	96.21	96.29	96.26	95.77	95.83	95.88	100	95.91	95.94	96.07	96.14	96.14	96.25	96.22	95.04	95.18	95.38	95.57	95.52	95.54	95.64	95.41	95.36	95.3	95.28	94.92	95.05	94.94	85.46	86.48	88.55	89.93	90.08	90.4	90.45	90.69	90.2	90.49
Pacuta_HTHC_TP3_1227	85.26	79.99	80.2	81.88	81.48	82.15	83.28	83.31	83.36	83.38	83.39	83.37	83.37	83.39	83.41	83.45	83.46	83.41	83.42	83.35	83.35	83.34	83.36	83.39	83.36	83.03	83.16	83.06	83.15	83.2	83.22	83.27	83.29	85.38	84.61	84.83	84.85	84.93	84.91	84.9	84.73	84.8	84.77	83.26	83.28	83.45	83.44	83.46	83.48	83.36	83.38	83.35	83.41	83.36	83.41	83.41	83.4	83.4	83.49	83.44	83.49	83.52	83.36	83.53	83.46	83.43	83.45	83.46	83.49	83.41	83.41	83.39	83.42	83.3	83.31	95.81	95.92	95.97	96.01	96.1	96.2	96.18	96.24	96.19	95.74	95.74	100	95.88	95.9	95.91	96.02	96.04	96.05	96.19	96.09	95.08	95.2	95.4	95.5	95.51	95.59	95.64	95.41	95.36	95.22	95.28	94.94	95.12	94.93	85.4	86.42	88.57	89.84	90	90.4	90.47	90.64	90.14	90.45
Pacuta_ATAC_TP7_2413	85.25	80.01	80.2	81.91	81.5	82.17	83.32	83.35	83.37	83.39	83.39	83.38	83.39	83.42	83.46	83.45	83.47	83.41	83.42	83.36	83.36	83.35	83.36	83.41	83.36	83.03	83.15	83.08	83.18	83.21	83.23	83.27	83.29	85.35	84.68	84.86	84.88	84.96	84.93	84.91	84.72	84.8	84.76	83.23	83.25	83.45	83.46	83.47	83.49	83.34	83.36	83.38	83.43	83.35	83.41	83.39	83.41	83.41	83.51	83.46	83.5	83.53	83.36	83.53	83.53	83.41	83.45	83.45	83.47	83.41	83.38	83.37	83.42	83.29	83.31	95.79	95.87	95.86	95.85	96	96.07	96.06	96.12	96.06	95.61	100	95.74	95.83	95.74	95.77	95.9	95.99	96.02	96.08	96.07	94.93	95.09	95.24	95.41	95.41	95.42	95.53	95.31	95.27	95.17	95.16	94.82	94.93	94.84	85.41	86.45	88.47	89.89	90.03	90.34	90.37	90.57	90.12	90.4
Pacuta_HTAC_TP10_2064	85.23	79.99	80.2	81.91	81.49	82.15	83.28	83.3	83.35	83.38	83.36	83.34	83.37	83.37	83.41	83.42	83.45	83.39	83.41	83.33	83.34	83.32	83.35	83.38	83.35	83.02	83.13	83.03	83.18	83.16	83.19	83.25	83.29	85.34	84.62	84.85	84.85	84.94	84.91	84.89	84.73	84.82	84.78	83.26	83.24	83.39	83.4	83.39	83.44	83.29	83.34	83.38	83.4	83.37	83.37	83.39	83.39	83.39	83.46	83.48	83.48	83.5	83.32	83.54	83.47	83.45	83.44	83.43	83.44	83.38	83.36	83.38	83.37	83.31	83.31	95.73	95.91	95.94	95.85	95.91	96.04	95.99	96.16	96.15	100	95.61	95.74	95.77	95.84	95.89	95.87	95.9	95.92	96.04	96.03	95.02	95.12	95.38	95.58	95.43	95.49	95.52	95.23	95.22	95.2	95.3	94.84	95	94.89	85.42	86.43	88.5	89.72	89.94	90.36	90.44	90.56	90.09	90.37
Pacuta_HTHC_TP8_1709	85.25	79.93	80.02	81.66	81.35	82.08	83.13	83.16	83.22	83.27	83.24	83.24	83.28	83.18	83.2	83.22	83.28	83.19	83.19	83.09	83.11	83.1	83.1	83.15	83.11	82.7	83.03	82.76	82.88	82.89	82.93	82.96	83.04	85.4	84.54	84.68	84.69	84.82	84.87	84.87	84.52	84.62	84.6	83.11	83.1	83.38	83.4	83.37	83.43	83.43	83.45	83.36	83.43	83.4	83.46	83.46	83.44	83.45	83.36	83.34	83.42	83.43	83.17	83.41	83.36	83.3	83.31	83.32	83.32	83.24	83.22	83.24	83.25	83.15	83.13	96.42	96.73	96.73	96.71	96.79	96.85	96.84	97.07	100	96.15	96.06	96.19	96.26	96.25	96.3	96.36	96.47	96.47	96.62	96.63	95.31	95.38	95.63	95.84	95.74	95.85	95.86	95.55	95.5	95.52	95.53	95.07	95.24	95.1	85.47	86.25	88.64	90.04	90.07	90.44	90.53	90.78	90.41	90.82
Pacuta_HTAC_TP9_1696	85.23	79.92	79.99	81.61	81.34	82.08	83.1	83.13	83.18	83.2	83.22	83.21	83.25	83.14	83.16	83.17	83.22	83.14	83.16	83.06	83.06	83.05	83.07	83.11	83.07	82.66	83	82.72	82.84	82.86	82.88	82.93	82.98	85.41	84.47	84.62	84.64	84.77	84.83	84.82	84.47	84.58	84.54	83.09	83.12	83.38	83.39	83.37	83.44	83.44	83.48	83.36	83.42	83.41	83.45	83.44	83.44	83.46	83.35	83.34	83.41	83.42	83.14	83.41	83.34	83.28	83.28	83.3	83.31	83.23	83.21	83.23	83.22	83.11	83.08	96.43	96.72	96.76	96.82	96.88	96.93	96.93	100	97.07	96.16	96.12	96.24	96.29	96.3	96.4	96.44	96.52	96.52	96.69	96.7	95.35	95.38	95.66	95.9	95.79	95.81	95.88	95.59	95.55	95.55	95.58	95.06	95.27	95.08	85.45	86.23	88.65	89.99	90.03	90.45	90.54	90.79	90.44	90.86
Pacuta_HTAC_TP5_1707	85.27	79.97	80.08	81.7	81.41	82.11	83.18	83.23	83.27	83.29	83.31	83.29	83.3	83.25	83.27	83.27	83.32	83.22	83.26	83.17	83.17	83.15	83.17	83.21	83.18	82.78	83.07	82.84	82.93	82.98	83.01	83.05	83.09	85.38	84.56	84.7	84.73	84.83	84.89	84.9	84.57	84.65	84.59	83.13	83.16	83.42	83.43	83.42	83.47	83.44	83.45	83.37	83.44	83.39	83.45	83.45	83.44	83.45	83.4	83.36	83.43	83.46	83.22	83.43	83.4	83.31	83.34	83.35	83.36	83.27	83.28	83.27	83.28	83.17	83.14	96.38	96.53	96.59	96.63	96.76	96.8	100	96.93	96.84	95.99	96.06	96.18	96.21	96.18	96.23	96.33	96.44	96.42	96.61	96.57	95.28	95.32	95.56	95.76	95.7	95.8	95.85	95.61	95.53	95.45	95.46	95.04	95.23	95.07	85.48	86.31	88.63	90.09	90.09	90.43	90.52	90.76	90.41	90.8
Pacuta_ATHC_TP3_2534	85.29	80	80.1	81.74	81.45	82.16	83.2	83.24	83.31	83.32	83.32	83.33	83.34	83.28	83.3	83.31	83.35	83.26	83.29	83.2	83.22	83.2	83.2	83.25	83.21	82.82	83.09	82.87	82.99	83.01	83.03	83.09	83.12	85.41	84.57	84.74	84.77	84.88	84.91	84.93	84.59	84.69	84.64	83.16	83.19	83.43	83.43	83.43	83.48	83.47	83.48	83.41	83.46	83.42	83.49	83.47	83.48	83.48	83.45	83.39	83.47	83.48	83.25	83.47	83.41	83.34	83.36	83.36	83.39	83.31	83.3	83.3	83.32	83.19	83.16	96.39	96.59	96.56	96.69	96.69	100	96.8	96.93	96.85	96.04	96.07	96.2	96.23	96.21	96.26	96.38	96.43	96.46	96.67	96.61	95.33	95.36	95.59	95.81	95.75	95.81	95.88	95.61	95.57	95.44	95.48	95.1	95.25	95.11	85.51	86.34	88.68	90.06	90.08	90.5	90.6	90.8	90.44	90.81
Pacuta_ATAC_TP4_1762	85.22	79.94	80.02	81.69	81.38	82.09	83.14	83.19	83.23	83.25	83.25	83.25	83.27	83.21	83.22	83.22	83.27	83.18	83.21	83.12	83.12	83.11	83.13	83.17	83.13	82.74	83.03	82.8	82.88	82.93	82.97	83	83.04	85.38	84.55	84.68	84.71	84.81	84.88	84.86	84.54	84.64	84.6	83.08	83.12	83.38	83.4	83.4	83.41	83.41	83.43	83.33	83.42	83.37	83.45	83.42	83.43	83.42	83.39	83.32	83.41	83.44	83.18	83.41	83.37	83.27	83.3	83.34	83.35	83.26	83.26	83.24	83.25	83.14	83.1	96.33	96.5	96.57	96.53	100	96.69	96.76	96.88	96.79	95.91	96	96.1	96.11	96.1	96.12	96.29	96.38	96.32	96.55	96.45	95.23	95.26	95.44	95.67	95.63	95.73	95.75	95.49	95.43	95.35	95.38	95.01	95.19	94.94	85.44	86.27	88.59	90.02	90.03	90.37	90.46	90.71	90.36	90.82
Pacuta_HTHC_TP5_2087	85.16	79.98	79.97	81.59	81.3	82.03	83.03	83.09	83.15	83.16	83.17	83.18	83.19	83.1	83.12	83.14	83.19	83.09	83.12	83.04	83.04	83.02	83.05	83.08	83.04	82.64	83.01	82.7	82.79	82.83	82.86	82.91	82.95	85.31	84.41	84.57	84.6	84.71	84.76	84.77	84.43	84.52	84.48	83.06	83.09	83.37	83.36	83.34	83.38	83.42	83.44	83.33	83.4	83.37	83.43	83.43	83.42	83.42	83.34	83.31	83.4	83.4	83.14	83.38	83.31	83.26	83.28	83.29	83.31	83.23	83.19	83.21	83.23	83.11	83.06	96.17	96.37	96.42	100	96.53	96.69	96.63	96.82	96.71	95.85	95.85	96.01	96.01	96.04	96.08	96.2	96.24	96.26	96.45	96.38	95.28	95.13	95.37	95.63	95.53	95.63	95.66	95.37	95.33	95.21	95.29	94.89	95.04	94.86	85.4	86.15	88.71	89.86	89.89	90.32	90.42	90.66	90.34	90.76
Pacuta_HTAC_TP11_1596	85.24	79.96	80.06	81.71	81.38	82.09	83.25	83.19	83.27	83.3	83.27	83.26	83.31	83.22	83.25	83.25	83.31	83.23	83.23	83.13	83.14	83.14	83.15	83.21	83.16	82.76	83.08	82.82	82.95	82.94	82.99	83.02	83.09	85.37	84.55	84.7	84.69	84.82	84.85	84.85	84.55	84.63	84.62	83.13	83.11	83.37	83.38	83.35	83.4	83.38	83.41	83.37	83.39	83.43	83.4	83.39	83.41	83.42	83.37	83.37	83.42	83.43	83.17	83.43	83.36	83.31	83.32	83.32	83.35	83.24	83.24	83.25	83.26	83.16	83.13	96.32	96.5	100	96.42	96.57	96.56	96.59	96.76	96.73	95.94	95.86	95.97	96.03	96.08	96.07	96.14	96.23	96.26	96.41	96.38	95.09	95.21	95.46	95.73	95.57	95.59	95.65	95.39	95.37	95.35	95.38	94.98	95.11	94.92	85.48	86.25	88.55	89.87	89.93	90.35	90.47	90.66	90.33	90.67
Pacuta_ATHC_TP11_1147	85.19	79.98	80.06	81.72	81.39	82.1	83.23	83.19	83.27	83.3	83.27	83.26	83.3	83.24	83.25	83.26	83.31	83.2	83.22	83.15	83.15	83.14	83.15	83.2	83.16	82.76	83.07	82.83	82.96	82.95	83	83.02	83.09	85.37	84.62	84.73	84.71	84.84	84.87	84.88	84.57	84.64	84.63	83.12	83.15	83.4	83.41	83.4	83.43	83.4	83.43	83.42	83.43	83.45	83.44	83.41	83.43	83.44	83.42	83.37	83.44	83.44	83.19	83.43	83.41	83.3	83.33	83.32	83.34	83.27	83.25	83.26	83.28	83.18	83.15	96.28	100	96.5	96.37	96.5	96.59	96.53	96.72	96.73	95.91	95.87	95.92	96.01	95.97	96.03	96.09	96.17	96.24	96.39	96.41	95.15	95.21	95.43	95.63	95.5	95.6	95.64	95.35	95.27	95.4	95.31	94.93	94.97	94.9	85.46	86.28	88.51	90.01	90	90.37	90.41	90.65	90.34	90.71
Pacuta_ATAC_TP11_2306	85.22	79.99	80.13	81.8	81.45	82.14	83.28	83.27	83.34	83.36	83.34	83.33	83.35	83.31	83.33	83.33	83.38	83.3	83.3	83.22	83.23	83.22	83.23	83.29	83.24	82.85	83.15	82.92	83.03	83.04	83.1	83.12	83.18	85.37	84.65	84.77	84.76	84.88	84.89	84.9	84.62	84.69	84.68	83.15	83.18	83.41	83.4	83.38	83.42	83.38	83.37	83.4	83.43	83.39	83.41	83.39	83.43	83.42	83.41	83.35	83.42	83.43	83.25	83.43	83.42	83.33	83.37	83.36	83.36	83.29	83.28	83.29	83.3	83.22	83.19	100	96.28	96.32	96.17	96.33	96.39	96.38	96.43	96.42	95.73	95.79	95.81	95.9	95.85	95.87	95.98	96.06	96.1	96.25	96.23	95.01	95.1	95.29	95.49	95.43	95.47	95.56	95.31	95.25	95.21	95.21	94.89	94.97	94.83	85.44	86.3	88.45	89.96	89.96	90.32	90.39	90.56	90.29	90.58
Pacuta_HTAC_TP8_1765	79.59	78.64	78.85	82.43	80.96	81.31	82.66	82.64	82.68	82.72	82.7	82.65	82.68	82.74	82.79	82.78	82.79	82.77	82.78	82.74	82.73	82.73	82.75	82.77	82.76	82.54	82.46	82.53	82.66	82.63	82.64	82.67	82.7	83.75	84.92	85.17	85.14	85.2	85.13	85.12	85.09	85.11	85.1	89.06	89.05	89.13	89.24	89.27	89.34	89.27	89.23	95.3	95.32	95.38	95.45	95.44	95.46	95.46	95.24	95.33	95.44	95.39	94.86	95	95.13	95.21	95.19	95.27	95.26	95.04	95.08	95.15	95.13	94.69	100	83.19	83.15	83.13	83.06	83.1	83.16	83.14	83.08	83.13	83.31	83.31	83.31	83.34	83.31	83.26	83.27	83.3	83.28	83.28	83.26	83.18	83.26	83.26	83.32	83.31	83.23	83.33	83.31	83.29	83.26	83.24	83.24	83.25	83.25	84.55	85.2	82.68	83.45	83.59	83.6	83.62	83.61	83.42	83.3
Pacuta_ATAC_TP10_1641	79.5	78.66	78.77	82.34	80.89	81.26	82.56	82.54	82.59	82.62	82.59	82.56	82.59	82.63	82.66	82.65	82.69	82.66	82.66	82.61	82.62	82.61	82.62	82.65	82.63	82.41	82.43	82.39	82.5	82.51	82.51	82.57	82.58	83.67	84.83	85.06	85.04	85.11	85.06	85.05	84.98	85.02	85.02	89	89.01	89.19	89.22	89.25	89.31	89.3	89.27	95.28	95.27	95.39	95.38	95.42	95.45	95.46	95.15	95.22	95.38	95.27	94.67	94.86	94.97	95.08	95.05	95.19	95.15	94.95	94.96	95.07	94.98	100	94.69	83.22	83.18	83.16	83.11	83.14	83.19	83.17	83.11	83.15	83.31	83.29	83.3	83.32	83.31	83.27	83.28	83.29	83.27	83.27	83.26	83.21	83.27	83.25	83.3	83.28	83.24	83.29	83.28	83.27	83.25	83.23	83.24	83.23	83.2	84.56	85.09	82.76	83.43	83.54	83.55	83.6	83.58	83.46	83.35
Pacuta_HTAC_TP3_1617	79.57	78.64	78.81	82.39	80.94	81.32	82.63	82.64	82.67	82.69	82.69	82.64	82.66	82.71	82.76	82.76	82.76	82.73	82.75	82.71	82.7	82.69	82.7	82.73	82.72	82.47	82.44	82.46	82.59	82.59	82.59	82.63	82.63	83.78	84.97	85.2	85.2	85.26	85.22	85.21	85.11	85.16	85.12	89.22	89.26	89.41	89.51	89.57	89.6	89.58	89.56	95.78	95.86	95.89	95.98	96	96	95.99	95.71	95.76	95.93	95.86	95.24	95.38	95.52	95.61	95.59	95.66	95.69	95.43	95.47	95.53	100	94.98	95.13	83.3	83.28	83.26	83.23	83.25	83.32	83.28	83.22	83.25	83.37	83.42	83.42	83.43	83.41	83.38	83.39	83.4	83.39	83.4	83.38	83.29	83.34	83.33	83.39	83.39	83.34	83.4	83.4	83.37	83.32	83.3	83.28	83.3	83.3	84.69	85.23	82.79	83.55	83.7	83.67	83.71	83.74	83.55	83.45
Pacuta_ATAC_TP4_1060	79.52	78.6	78.77	82.33	80.9	81.3	82.59	82.59	82.63	82.66	82.64	82.61	82.62	82.68	82.71	82.7	82.73	82.7	82.71	82.66	82.65	82.65	82.66	82.69	82.67	82.43	82.42	82.42	82.54	82.53	82.56	82.6	82.61	83.75	84.88	85.11	85.14	85.19	85.15	85.14	85.05	85.11	85.09	89.26	89.32	89.44	89.53	89.57	89.62	89.62	89.61	95.82	95.87	95.97	96.05	96.09	96.04	96.03	95.73	95.77	95.96	95.86	95.23	95.37	95.5	95.58	95.57	95.71	95.71	95.51	95.53	100	95.53	95.07	95.15	83.29	83.26	83.25	83.21	83.24	83.3	83.27	83.23	83.24	83.38	83.37	83.39	83.39	83.39	83.35	83.38	83.4	83.37	83.4	83.36	83.28	83.3	83.33	83.37	83.37	83.33	83.4	83.36	83.33	83.28	83.28	83.29	83.29	83.28	84.65	85.2	82.77	83.45	83.63	83.62	83.67	83.71	83.52	83.42
Pacuta_HTAC_TP1_2005	79.54	78.61	78.78	82.37	80.91	81.31	82.62	82.63	82.66	82.68	82.67	82.64	82.65	82.72	82.73	82.73	82.76	82.7	82.75	82.7	82.68	82.69	82.69	82.72	82.72	82.46	82.44	82.48	82.57	82.58	82.59	82.63	82.64	83.76	84.94	85.14	85.18	85.23	85.18	85.18	85.07	85.12	85.08	89.16	89.31	89.41	89.48	89.52	89.57	89.58	89.56	95.76	95.82	95.86	95.95	95.98	95.97	95.94	95.7	95.7	95.84	95.76	95.18	95.29	95.46	95.51	95.5	95.61	95.62	95.46	100	95.53	95.47	94.96	95.08	83.28	83.25	83.24	83.19	83.26	83.3	83.28	83.21	83.22	83.36	83.38	83.41	83.4	83.37	83.37	83.38	83.38	83.37	83.4	83.34	83.28	83.31	83.32	83.34	83.37	83.31	83.38	83.37	83.33	83.27	83.27	83.31	83.28	83.27	84.66	85.25	82.76	83.53	83.65	83.64	83.66	83.71	83.55	83.44
Pacuta_ATAC_TP1_2363	79.53	78.66	78.81	82.38	80.93	81.34	82.64	82.66	82.69	82.71	82.7	82.68	82.68	82.74	82.76	82.77	82.77	82.75	82.76	82.71	82.72	82.71	82.73	82.75	82.73	82.48	82.47	82.49	82.6	82.59	82.62	82.67	82.67	83.79	84.97	85.17	85.22	85.27	85.22	85.2	85.11	85.15	85.13	89.16	89.29	89.4	89.46	89.51	89.57	89.57	89.53	95.71	95.74	95.83	95.89	95.91	95.91	95.91	95.64	95.65	95.83	95.72	95.14	95.28	95.39	95.48	95.46	95.6	95.58	100	95.46	95.51	95.43	94.95	95.04	83.29	83.27	83.24	83.23	83.26	83.31	83.27	83.23	83.24	83.38	83.41	83.41	83.4	83.4	83.36	83.4	83.4	83.38	83.4	83.37	83.3	83.35	83.32	83.37	83.39	83.34	83.44	83.38	83.37	83.3	83.31	83.31	83.32	83.32	84.67	85.21	82.77	83.51	83.65	83.63	83.68	83.71	83.54	83.43
Pacuta_ATAC_TP5_1757	79.56	78.66	78.81	82.38	80.94	81.36	82.62	82.63	82.67	82.7	82.7	82.65	82.66	82.71	82.74	82.76	82.77	82.73	82.75	82.7	82.69	82.68	82.7	82.73	82.7	82.44	82.47	82.43	82.57	82.57	82.57	82.63	82.63	83.84	84.95	85.2	85.22	85.29	85.24	85.25	85.11	85.17	85.14	89.32	89.39	89.55	89.64	89.69	89.75	89.77	89.74	96.01	96.07	96.14	96.21	96.23	96.24	96.21	95.89	95.92	96.16	96.04	95.37	95.55	95.68	95.75	95.76	95.88	100	95.58	95.62	95.71	95.69	95.15	95.26	83.36	83.34	83.35	83.31	83.35	83.39	83.36	83.31	83.32	83.44	83.47	83.49	83.5	83.47	83.44	83.48	83.48	83.47	83.48	83.46	83.36	83.38	83.37	83.43	83.45	83.41	83.47	83.44	83.42	83.33	83.32	83.35	83.34	83.34	84.74	85.26	82.86	83.55	83.71	83.71	83.79	83.82	83.61	83.53
Pacuta_ATAC_TP10_1559	79.56	78.63	78.79	82.38	80.94	81.31	82.61	82.62	82.66	82.69	82.68	82.65	82.65	82.72	82.75	82.73	82.78	82.73	82.75	82.7	82.7	82.69	82.7	82.73	82.7	82.44	82.46	82.45	82.55	82.57	82.59	82.62	82.65	83.79	84.93	85.16	85.19	85.25	85.22	85.21	85.11	85.16	85.13	89.31	89.38	89.53	89.62	89.68	89.72	89.74	89.7	95.95	96	96.12	96.17	96.2	96.22	96.22	95.85	95.89	96.11	96.02	95.37	95.55	95.63	95.75	95.75	100	95.88	95.6	95.61	95.71	95.66	95.19	95.27	83.36	83.32	83.32	83.29	83.34	83.36	83.35	83.3	83.32	83.43	83.45	83.46	83.46	83.46	83.43	83.46	83.46	83.43	83.46	83.43	83.33	83.39	83.37	83.41	83.43	83.4	83.45	83.43	83.42	83.33	83.36	83.35	83.36	83.34	84.72	85.23	82.84	83.54	83.68	83.7	83.75	83.77	83.6	83.5
Pacuta_ATAC_TP9_1594	79.6	78.66	78.83	82.39	80.96	81.34	82.66	82.66	82.7	82.74	82.72	82.69	82.7	82.75	82.77	82.78	82.8	82.76	82.78	82.71	82.72	82.69	82.72	82.77	82.74	82.48	82.49	82.47	82.62	82.6	82.6	82.65	82.66	83.81	84.95	85.2	85.2	85.27	85.22	85.2	85.12	85.15	85.13	89.29	89.29	89.49	89.59	89.62	89.7	89.68	89.66	95.89	95.9	96.02	96.07	96.08	96.11	96.09	95.79	95.83	96.04	95.95	95.28	95.5	95.62	95.67	100	95.75	95.76	95.46	95.5	95.57	95.59	95.05	95.19	83.37	83.33	83.32	83.28	83.3	83.36	83.34	83.28	83.31	83.44	83.45	83.45	83.47	83.45	83.41	83.44	83.46	83.42	83.45	83.44	83.3	83.37	83.34	83.42	83.43	83.35	83.45	83.42	83.4	83.35	83.33	83.32	83.34	83.35	84.72	85.26	82.78	83.53	83.7	83.71	83.75	83.76	83.59	83.49
Pacuta_HTAC_TP10_1536	79.55	78.62	78.78	82.37	80.93	81.33	82.63	82.61	82.67	82.7	82.68	82.64	82.67	82.71	82.74	82.73	82.77	82.71	82.74	82.69	82.68	82.66	82.69	82.72	82.68	82.44	82.45	82.42	82.57	82.57	82.56	82.6	82.62	83.79	84.96	85.2	85.18	85.26	85.22	85.2	85.09	85.16	85.12	89.25	89.3	89.47	89.57	89.58	89.68	89.67	89.64	95.95	95.97	96.09	96.08	96.13	96.13	96.15	95.79	95.9	96.04	95.95	95.25	95.52	95.61	100	95.67	95.75	95.75	95.48	95.51	95.58	95.61	95.08	95.21	83.33	83.3	83.31	83.26	83.27	83.34	83.31	83.28	83.3	83.45	83.41	83.43	83.44	83.46	83.41	83.42	83.44	83.41	83.42	83.42	83.28	83.33	83.34	83.41	83.4	83.33	83.41	83.37	83.35	83.33	83.32	83.29	83.31	83.28	84.7	85.24	82.78	83.54	83.68	83.69	83.72	83.76	83.56	83.49
Pacuta_HTHC_TP7_1820	79.59	78.7	78.84	82.39	80.98	81.37	82.7	82.72	82.72	82.76	82.76	82.71	82.73	82.79	82.82	82.8	82.83	82.76	82.79	82.73	82.72	82.71	82.74	82.77	82.73	82.47	82.52	82.45	82.63	82.61	82.61	82.64	82.66	83.86	85.08	85.24	85.2	85.33	85.27	85.25	85.1	85.15	85.13	89.21	89.3	89.56	89.7	89.69	89.76	89.7	89.7	95.95	96.04	96.03	96.11	96.12	96.15	96.15	95.79	95.83	96.08	96.01	95.21	95.43	100	95.61	95.62	95.63	95.68	95.39	95.46	95.5	95.52	94.97	95.13	83.42	83.41	83.36	83.31	83.37	83.41	83.4	83.34	83.36	83.47	83.53	83.46	83.52	83.47	83.43	83.46	83.5	83.48	83.5	83.52	83.34	83.35	83.37	83.42	83.42	83.33	83.45	83.44	83.39	83.37	83.34	83.33	83.29	83.3	84.76	85.31	82.8	83.66	83.8	83.72	83.73	83.8	83.64	83.59
Pacuta_HTHC_TP10_1732	79.61	78.63	78.82	82.13	80.67	81.04	82.69	82.66	82.7	82.73	82.73	82.7	82.7	82.74	82.78	82.78	82.81	82.76	82.79	82.72	82.72	82.7	82.73	82.77	82.73	82.48	82.48	82.46	82.63	82.59	82.6	82.66	82.67	83.53	84.72	84.93	84.94	85.02	84.97	84.96	84.85	84.9	84.87	89.4	89.43	89.6	89.71	89.76	89.85	89.83	89.84	95.76	95.76	95.94	95.9	95.96	95.95	95.95	95.62	95.77	95.88	95.77	95.1	100	95.43	95.52	95.5	95.55	95.55	95.28	95.29	95.37	95.38	94.86	95	83.43	83.43	83.43	83.38	83.41	83.47	83.43	83.41	83.41	83.54	83.53	83.53	83.55	83.56	83.54	83.52	83.54	83.51	83.54	83.53	83.37	83.43	83.45	83.52	83.51	83.44	83.51	83.49	83.47	83.44	83.43	83.4	83.4	83.39	84.68	85.2	82.71	83.44	83.62	83.6	83.63	83.69	83.52	83.42
Pacuta_ATAC_TP3_1471	79.61	78.63	78.83	82.41	80.97	81.32	82.68	82.67	82.68	82.74	82.73	82.69	82.69	82.77	82.79	82.79	82.81	82.77	82.81	82.75	82.75	82.74	82.76	82.78	82.78	82.55	82.48	82.54	82.65	82.66	82.67	82.69	82.71	83.74	84.92	85.15	85.18	85.21	85.14	85.13	85.08	85.12	85.11	89.07	89.14	89.25	89.32	89.36	89.41	89.36	89.36	95.38	95.46	95.49	95.59	95.57	95.58	95.6	95.4	95.41	95.55	95.5	100	95.1	95.21	95.25	95.28	95.37	95.37	95.14	95.18	95.23	95.24	94.67	94.86	83.25	83.19	83.17	83.14	83.18	83.25	83.22	83.14	83.17	83.32	83.36	83.36	83.38	83.34	83.3	83.34	83.35	83.33	83.32	83.31	83.23	83.3	83.29	83.31	83.35	83.29	83.4	83.38	83.35	83.3	83.25	83.26	83.28	83.3	84.58	85.24	82.71	83.47	83.65	83.6	83.63	83.66	83.46	83.36
Pacuta_HTHC_TP7_1090	79.54	78.67	78.79	82.35	80.94	81.35	82.62	82.64	82.66	82.7	82.69	82.65	82.69	82.7	82.75	82.74	82.76	82.7	82.71	82.66	82.65	82.63	82.66	82.7	82.66	82.37	82.47	82.37	82.52	82.53	82.51	82.56	82.59	83.84	85.02	85.22	85.21	85.31	85.3	85.27	85.09	85.15	85.12	89.4	89.47	89.74	89.88	89.88	89.97	89.98	89.96	96.32	96.42	96.48	96.56	96.57	96.6	96.6	96.16	96.17	96.46	100	95.5	95.77	96.01	95.95	95.95	96.02	96.04	95.72	95.76	95.86	95.86	95.27	95.39	83.43	83.44	83.43	83.4	83.44	83.48	83.46	83.42	83.43	83.5	83.53	83.52	83.56	83.52	83.49	83.53	83.57	83.54	83.56	83.56	83.36	83.38	83.4	83.47	83.46	83.4	83.5	83.46	83.4	83.37	83.35	83.33	83.33	83.33	84.81	85.29	82.86	83.63	83.78	83.74	83.79	83.85	83.67	83.63
Pacuta_ATHC_TP7_2409	79.46	78.63	78.73	82.26	80.88	81.31	82.55	82.57	82.59	82.64	82.62	82.59	82.62	82.64	82.68	82.66	82.71	82.63	82.65	82.58	82.58	82.57	82.58	82.63	82.59	82.3	82.4	82.3	82.45	82.44	82.44	82.49	82.51	83.83	84.98	85.18	85.19	85.29	85.27	85.27	85.05	85.11	85.1	89.41	89.48	89.78	89.9	89.93	90.03	90.06	90.04	96.5	96.53	96.68	96.74	96.76	96.76	96.79	96.27	96.31	100	96.46	95.55	95.88	96.08	96.04	96.04	96.11	96.16	95.83	95.84	95.96	95.93	95.38	95.44	83.42	83.44	83.42	83.4	83.41	83.47	83.43	83.41	83.42	83.48	83.5	83.49	83.52	83.49	83.46	83.5	83.53	83.51	83.54	83.53	83.34	83.33	83.36	83.44	83.44	83.38	83.46	83.4	83.38	83.32	83.31	83.29	83.29	83.29	84.84	85.24	82.86	83.58	83.72	83.7	83.78	83.84	83.66	83.63
Pacuta_HTHC_TP10_1238	79.5	78.63	78.75	82.33	80.9	81.31	82.59	82.58	82.63	82.66	82.64	82.62	82.64	82.67	82.7	82.7	82.74	82.67	82.69	82.63	82.62	82.62	82.64	82.67	82.63	82.37	82.42	82.36	82.51	82.49	82.5	82.55	82.56	83.83	84.97	85.19	85.17	85.26	85.23	85.22	85.07	85.12	85.1	89.34	89.4	89.61	89.71	89.74	89.83	89.83	89.82	96.23	96.23	96.42	96.38	96.4	96.38	96.42	96.01	100	96.31	96.17	95.41	95.77	95.83	95.9	95.83	95.89	95.92	95.65	95.7	95.77	95.76	95.22	95.33	83.35	83.37	83.37	83.31	83.32	83.39	83.36	83.34	83.34	83.48	83.46	83.44	83.45	83.46	83.44	83.44	83.46	83.44	83.46	83.46	83.3	83.33	83.36	83.44	83.41	83.32	83.43	83.39	83.37	83.34	83.32	83.27	83.27	83.27	84.76	85.22	82.79	83.54	83.7	83.69	83.73	83.78	83.6	83.54
Pacuta_HTHC_TP1_1239	79.57	78.65	78.79	82.34	80.94	81.35	82.62	82.63	82.66	82.69	82.67	82.66	82.65	82.72	82.73	82.73	82.76	82.68	82.71	82.67	82.65	82.64	82.67	82.71	82.66	82.38	82.46	82.4	82.53	82.53	82.53	82.56	82.58	83.84	84.99	85.2	85.22	85.29	85.25	85.25	85.1	85.14	85.1	89.28	89.41	89.64	89.75	89.79	89.85	89.86	89.82	96.19	96.23	96.31	96.41	96.38	96.37	96.37	100	96.01	96.27	96.16	95.4	95.62	95.79	95.79	95.79	95.85	95.89	95.64	95.7	95.73	95.71	95.15	95.24	83.41	83.42	83.37	83.34	83.39	83.45	83.4	83.35	83.36	83.46	83.51	83.49	83.52	83.49	83.46	83.51	83.52	83.5	83.54	83.51	83.37	83.38	83.37	83.44	83.46	83.39	83.46	83.45	83.4	83.34	83.33	83.32	83.32	83.33	84.77	85.29	82.84	83.64	83.76	83.72	83.79	83.86	83.67	83.62
Pacuta_ATHC_TP8_2564	79.32	78.53	78.58	82.07	80.76	81.23	82.4	82.43	82.47	82.51	82.49	82.49	82.5	82.45	82.47	82.46	82.53	82.44	82.46	82.39	82.38	82.36	82.39	82.43	82.39	82.05	82.28	82.09	82.21	82.23	82.23	82.28	82.31	83.77	84.86	85.03	85.02	85.12	85.19	85.18	84.87	84.95	84.91	89.42	89.51	89.84	89.94	89.97	90.1	90.34	90.28	96.87	96.91	97.09	97.17	97.19	97.17	100	96.37	96.42	96.79	96.6	95.6	95.95	96.15	96.15	96.09	96.22	96.21	95.91	95.94	96.03	95.99	95.46	95.46	83.42	83.44	83.42	83.42	83.42	83.48	83.45	83.46	83.45	83.39	83.41	83.4	83.42	83.41	83.38	83.42	83.44	83.44	83.5	83.47	83.24	83.22	83.25	83.34	83.31	83.26	83.35	83.31	83.25	83.21	83.22	83.15	83.17	83.17	84.82	85.11	82.78	83.59	83.62	83.62	83.68	83.77	83.68	83.66
Pacuta_ATAC_TP5_1563	79.33	78.56	78.58	82.09	80.78	81.23	82.41	82.44	82.49	82.52	82.49	82.49	82.51	82.46	82.48	82.47	82.52	82.44	82.47	82.4	82.38	82.37	82.39	82.43	82.4	82.08	82.29	82.1	82.23	82.24	82.23	82.3	82.3	83.77	84.88	85.05	85.06	85.15	85.22	85.22	84.9	84.97	84.93	89.38	89.49	89.84	89.95	89.99	90.06	90.32	90.26	96.82	96.91	97.06	97.11	97.15	100	97.17	96.37	96.38	96.76	96.6	95.58	95.95	96.15	96.13	96.11	96.22	96.24	95.91	95.97	96.04	96	95.45	95.46	83.43	83.43	83.41	83.42	83.43	83.48	83.44	83.44	83.44	83.39	83.41	83.4	83.42	83.41	83.4	83.42	83.45	83.43	83.49	83.47	83.25	83.23	83.25	83.33	83.33	83.27	83.36	83.3	83.27	83.21	83.22	83.17	83.19	83.17	84.83	85.12	82.79	83.56	83.61	83.62	83.69	83.77	83.68	83.66
Pacuta_HTAC_TP4_1701	79.31	78.55	78.57	82.06	80.77	81.22	82.38	82.42	82.46	82.49	82.49	82.48	82.48	82.43	82.47	82.46	82.51	82.43	82.46	82.38	82.38	82.35	82.37	82.41	82.38	82.07	82.27	82.09	82.22	82.22	82.22	82.27	82.29	83.78	84.83	85	85.03	85.11	85.18	85.19	84.86	84.94	84.9	89.38	89.47	89.81	89.92	90	90.08	90.32	90.29	96.85	96.95	97.04	97.21	100	97.15	97.19	96.38	96.4	96.76	96.57	95.57	95.96	96.12	96.13	96.08	96.2	96.23	95.91	95.98	96.09	96	95.42	95.44	83.39	83.41	83.39	83.43	83.42	83.47	83.45	83.44	83.46	83.39	83.39	83.41	83.42	83.41	83.39	83.42	83.45	83.43	83.5	83.46	83.25	83.21	83.24	83.34	83.32	83.27	83.35	83.29	83.25	83.17	83.2	83.15	83.16	83.15	84.81	85.12	82.77	83.55	83.61	83.61	83.67	83.77	83.65	83.65
Pacuta_ATAC_TP4_2002	79.32	78.54	78.58	82.07	80.76	81.24	82.4	82.45	82.47	82.51	82.51	82.51	82.51	82.46	82.48	82.47	82.53	82.44	82.47	82.4	82.39	82.37	82.4	82.43	82.4	82.08	82.29	82.11	82.22	82.24	82.25	82.29	82.31	83.77	84.86	85.01	85.05	85.11	85.2	85.2	84.86	84.94	84.89	89.4	89.51	89.82	89.93	89.99	90.09	90.31	90.26	96.88	96.98	97.06	100	97.21	97.11	97.17	96.41	96.38	96.74	96.56	95.59	95.9	96.11	96.08	96.07	96.17	96.21	95.89	95.95	96.05	95.98	95.38	95.45	83.41	83.44	83.4	83.43	83.45	83.49	83.45	83.45	83.46	83.37	83.41	83.41	83.42	83.4	83.38	83.42	83.44	83.45	83.52	83.46	83.26	83.23	83.24	83.34	83.31	83.27	83.37	83.3	83.26	83.2	83.21	83.17	83.17	83.16	84.81	85.09	82.77	83.56	83.62	83.61	83.66	83.77	83.67	83.66
Pacuta_HTAC_TP11_1582	79.3	78.51	78.53	82.08	80.75	81.2	82.44	82.41	82.48	82.5	82.48	82.47	82.49	82.45	82.45	82.46	82.52	82.44	82.45	82.37	82.37	82.36	82.37	82.43	82.37	82.06	82.29	82.07	82.22	82.22	82.22	82.26	82.3	83.75	84.85	85.01	85.01	85.11	85.18	85.18	84.87	84.93	84.93	89.37	89.43	89.77	89.87	89.9	90.01	90.23	90.19	96.84	96.8	100	97.06	97.04	97.06	97.09	96.31	96.42	96.68	96.48	95.49	95.94	96.03	96.09	96.02	96.12	96.14	95.83	95.86	95.97	95.89	95.39	95.38	83.39	83.45	83.43	83.37	83.37	83.42	83.39	83.41	83.4	83.37	83.35	83.36	83.37	83.37	83.37	83.37	83.39	83.4	83.44	83.43	83.22	83.2	83.22	83.33	83.28	83.22	83.3	83.25	83.22	83.19	83.19	83.14	83.12	83.11	84.83	85.09	82.75	83.51	83.56	83.59	83.65	83.73	83.66	83.61
Pacuta_HTHC_TP4_2195	79.37	78.58	78.62	82.14	80.81	81.27	82.46	82.51	82.53	82.57	82.56	82.55	82.55	82.54	82.54	82.55	82.58	82.5	82.53	82.47	82.45	82.44	82.47	82.49	82.45	82.15	82.34	82.18	82.3	82.32	82.33	82.36	82.38	83.8	84.94	85.06	85.07	85.17	85.22	85.23	84.91	84.97	84.94	89.31	89.44	89.76	89.86	89.92	89.98	90.17	90.14	96.65	100	96.8	96.98	96.95	96.91	96.91	96.23	96.23	96.53	96.42	95.46	95.76	96.04	95.97	95.9	96	96.07	95.74	95.82	95.87	95.86	95.27	95.32	83.43	83.43	83.39	83.4	83.42	83.46	83.44	83.42	83.43	83.4	83.43	83.41	83.44	83.38	83.38	83.42	83.45	83.44	83.49	83.48	83.26	83.24	83.26	83.33	83.34	83.27	83.36	83.31	83.27	83.24	83.22	83.18	83.17	83.18	84.81	85.15	82.76	83.62	83.64	83.63	83.67	83.77	83.65	83.66
Pacuta_HTAC_TP11_1647	79.34	78.53	78.59	82.12	80.77	81.24	82.45	82.48	82.52	82.53	82.52	82.53	82.52	82.5	82.51	82.52	82.56	82.48	82.5	82.44	82.42	82.42	82.44	82.49	82.43	82.13	82.32	82.15	82.29	82.29	82.28	82.33	82.36	83.73	84.88	85.03	85.04	85.12	85.17	85.17	84.9	84.94	84.92	89.27	89.4	89.67	89.78	89.81	89.93	90.1	90.06	100	96.65	96.84	96.88	96.85	96.82	96.87	96.19	96.23	96.5	96.32	95.38	95.76	95.95	95.95	95.89	95.95	96.01	95.71	95.76	95.82	95.78	95.28	95.3	83.4	83.42	83.37	83.33	83.33	83.41	83.37	83.36	83.36	83.38	83.38	83.35	83.38	83.34	83.34	83.37	83.4	83.39	83.43	83.44	83.21	83.21	83.22	83.32	83.29	83.23	83.3	83.27	83.22	83.19	83.19	83.17	83.13	83.16	84.8	85.1	82.71	83.54	83.6	83.59	83.65	83.73	83.64	83.59
Pacuta_HTAC_TP4_1581	79.28	81	81.04	80.95	81.71	83.04	86.29	86.43	86.48	86.48	86.49	86.55	86.52	86.4	86.39	86.4	86.47	86.37	86.4	86.26	86.25	86.26	86.28	86.3	86.27	85.73	86.18	85.84	85.93	86	86.06	86.12	86.16	82.98	81.86	81.99	82.03	82.08	82.13	82.12	81.89	81.92	81.91	95.31	95.49	96.07	96.13	96.34	96.48	96.98	100	90.06	90.14	90.19	90.26	90.29	90.26	90.28	89.82	89.82	90.04	89.96	89.36	89.84	89.7	89.64	89.66	89.7	89.74	89.53	89.56	89.61	89.56	89.27	89.23	83.37	83.43	83.41	83.44	83.43	83.48	83.45	83.48	83.45	83.34	83.36	83.38	83.4	83.37	83.35	83.4	83.43	83.42	83.45	83.45	83.21	83.15	83.2	83.28	83.25	83.23	83.29	83.27	83.2	83.13	83.15	83.1	83.09	83.08	83.44	83.15	82.07	82.43	82.48	82.53	82.6	82.73	82.6	82.65
Pacuta_ATHC_TP3_2750	79.24	80.98	81.01	80.91	81.69	83.02	86.27	86.38	86.45	86.46	86.47	86.52	86.5	86.36	86.38	86.38	86.45	86.35	86.36	86.23	86.23	86.22	86.25	86.28	86.25	85.69	86.15	85.81	85.89	85.98	86	86.08	86.12	82.95	81.83	81.95	81.97	82.05	82.1	82.1	81.83	81.89	81.86	95.32	95.49	96.1	96.16	96.35	96.56	100	96.98	90.1	90.17	90.23	90.31	90.32	90.32	90.34	89.86	89.83	90.06	89.98	89.36	89.83	89.7	89.67	89.68	89.74	89.77	89.57	89.58	89.62	89.58	89.3	89.27	83.38	83.4	83.38	83.42	83.41	83.47	83.44	83.44	83.43	83.29	83.34	83.36	83.38	83.36	83.32	83.4	83.41	83.38	83.45	83.42	83.2	83.12	83.15	83.25	83.23	83.21	83.27	83.23	83.18	83.09	83.11	83.07	83.08	83.06	83.43	83.14	82.07	82.43	82.48	82.51	82.6	82.7	82.59	82.64
Pacuta_HTHC_TP7_1427	79.47	81.03	81.16	81.15	81.8	83.07	86.39	86.48	86.54	86.58	86.56	86.57	86.57	86.53	86.56	86.56	86.61	86.51	86.54	86.4	86.42	86.4	86.44	86.46	86.43	85.93	86.23	86.01	86.11	86.16	86.22	86.29	86.33	83.06	82.07	82.22	82.21	82.29	82.27	82.25	82.1	82.15	82.13	95.27	95.36	95.9	95.99	96.19	100	96.56	96.48	89.93	89.98	90.01	90.09	90.08	90.06	90.1	89.85	89.83	90.03	89.97	89.41	89.85	89.76	89.68	89.7	89.72	89.75	89.57	89.57	89.62	89.6	89.31	89.34	83.42	83.43	83.4	83.38	83.41	83.48	83.47	83.44	83.43	83.44	83.49	83.48	83.53	83.49	83.43	83.48	83.52	83.52	83.52	83.54	83.31	83.28	83.34	83.39	83.37	83.31	83.41	83.38	83.34	83.27	83.27	83.23	83.22	83.22	83.48	83.34	82.17	82.55	82.67	82.66	82.72	82.82	82.63	82.66
Pacuta_HTHC_TP4_1343	79.45	81.01	81.15	81.18	81.81	83.07	86.33	86.46	86.47	86.5	86.5	86.51	86.51	86.51	86.53	86.51	86.57	86.48	86.5	86.38	86.38	86.38	86.42	86.43	86.4	85.89	86.17	86	86.07	86.15	86.21	86.24	86.29	83.06	82.07	82.22	82.24	82.29	82.27	82.25	82.12	82.15	82.14	95.12	95.28	95.82	95.9	100	96.19	96.35	96.34	89.81	89.92	89.9	89.99	90	89.99	89.97	89.79	89.74	89.93	89.88	89.36	89.76	89.69	89.58	89.62	89.68	89.69	89.51	89.52	89.57	89.57	89.25	89.27	83.38	83.4	83.35	83.34	83.4	83.43	83.42	83.37	83.37	83.39	83.47	83.46	83.48	83.44	83.39	83.45	83.49	83.48	83.5	83.5	83.27	83.25	83.28	83.35	83.34	83.31	83.39	83.38	83.3	83.26	83.24	83.21	83.2	83.21	83.45	83.35	82.15	82.57	82.7	82.66	82.71	82.82	82.62	82.64
Pacuta_ATAC_TP6_1542	79.47	81	81.14	81.16	81.8	83.05	86.29	86.4	86.43	86.46	86.45	86.46	86.45	86.45	86.48	86.46	86.51	86.41	86.44	86.34	86.33	86.31	86.36	86.37	86.35	85.85	86.15	85.94	86.03	86.11	86.14	86.19	86.23	83.03	82.09	82.23	82.24	82.31	82.28	82.26	82.12	82.16	82.14	94.92	95.12	95.69	100	95.9	95.99	96.16	96.13	89.78	89.86	89.87	89.93	89.92	89.95	89.94	89.75	89.71	89.9	89.88	89.32	89.71	89.7	89.57	89.59	89.62	89.64	89.46	89.48	89.53	89.51	89.22	89.24	83.4	83.41	83.38	83.36	83.4	83.43	83.43	83.39	83.4	83.4	83.46	83.44	83.5	83.43	83.4	83.45	83.5	83.47	83.49	83.52	83.28	83.28	83.29	83.34	83.35	83.31	83.39	83.4	83.34	83.27	83.24	83.24	83.2	83.23	83.47	83.38	82.16	82.57	82.7	82.66	82.72	82.79	82.63	82.67
Pacuta_ATAC_TP1_1043	79.42	81.06	81.11	81.14	81.78	83	86.24	86.34	86.4	86.41	86.4	86.42	86.41	86.42	86.41	86.41	86.45	86.37	86.39	86.28	86.28	86.29	86.31	86.32	86.29	85.8	86.14	85.92	85.97	86.05	86.11	86.16	86.19	83.01	82.03	82.17	82.18	82.23	82.21	82.2	82.07	82.1	82.1	94.88	95.07	100	95.69	95.82	95.9	96.1	96.07	89.67	89.76	89.77	89.82	89.81	89.84	89.84	89.64	89.61	89.78	89.74	89.25	89.6	89.56	89.47	89.49	89.53	89.55	89.4	89.41	89.44	89.41	89.19	89.13	83.41	83.4	83.37	83.37	83.38	83.43	83.42	83.38	83.38	83.39	83.45	83.45	83.47	83.43	83.4	83.46	83.5	83.47	83.5	83.49	83.32	83.26	83.27	83.32	83.35	83.32	83.39	83.39	83.31	83.26	83.25	83.23	83.2	83.2	83.46	83.34	82.23	82.55	82.67	82.64	82.68	82.78	82.62	82.67
Pacuta_ATHC_TP1_2743	79.43	80.9	81.11	81.2	81.74	82.94	86.19	86.27	86.31	86.33	86.32	86.33	86.32	86.36	86.37	86.36	86.39	86.35	86.37	86.28	86.28	86.3	86.31	86.32	86.31	85.86	85.99	85.99	86.03	86.1	86.16	86.2	86.24	82.96	82.08	82.22	82.26	82.28	82.23	82.22	82.16	82.2	82.19	94.65	100	95.07	95.12	95.28	95.36	95.49	95.49	89.4	89.44	89.43	89.51	89.47	89.49	89.51	89.41	89.4	89.48	89.47	89.14	89.43	89.3	89.3	89.29	89.38	89.39	89.29	89.31	89.32	89.26	89.01	89.05	83.18	83.15	83.11	83.09	83.12	83.19	83.16	83.12	83.1	83.24	83.25	83.28	83.28	83.25	83.21	83.27	83.25	83.27	83.26	83.25	83.16	83.18	83.19	83.18	83.23	83.22	83.24	83.26	83.2	83.15	83.15	83.17	83.14	83.15	83.28	83.33	82	82.42	82.57	82.56	82.59	82.62	82.45	82.42
Pacuta_HTHC_TP8_1184	79.45	80.89	81.14	81.22	81.78	82.94	86.23	86.26	86.33	86.37	86.32	86.34	86.35	86.33	86.37	86.37	86.41	86.39	86.39	86.28	86.31	86.32	86.31	86.35	86.31	85.94	86.02	85.97	86.09	86.1	86.16	86.22	86.28	82.97	82.05	82.24	82.21	82.27	82.21	82.2	82.16	82.2	82.22	100	94.65	94.88	94.92	95.12	95.27	95.32	95.31	89.27	89.31	89.37	89.4	89.38	89.38	89.42	89.28	89.34	89.41	89.4	89.07	89.4	89.21	89.25	89.29	89.31	89.32	89.16	89.16	89.26	89.22	89	89.06	83.15	83.12	83.13	83.06	83.08	83.16	83.13	83.09	83.11	83.26	83.23	83.26	83.27	83.27	83.2	83.23	83.21	83.23	83.21	83.22	83.11	83.18	83.22	83.24	83.22	83.18	83.24	83.24	83.2	83.19	83.19	83.14	83.18	83.16	83.25	83.29	82	82.32	82.5	82.54	82.6	82.58	82.4	82.35
Pacuta_ATAC_TP9_1141	83.45	81.47	81.7	88.76	86.62	87.29	88.58	88.57	88.67	88.7	88.66	88.64	88.68	88.66	88.7	88.72	88.78	88.72	88.71	88.6	88.61	88.64	88.63	88.7	88.67	88.24	88.26	88.32	88.43	88.45	88.48	88.54	88.61	89.92	96.8	97.17	97.19	97.29	97.32	97.3	96.97	97.14	100	82.22	82.19	82.1	82.14	82.14	82.13	81.86	81.91	84.92	84.94	84.93	84.89	84.9	84.93	84.91	85.1	85.1	85.1	85.12	85.11	84.87	85.13	85.12	85.13	85.13	85.14	85.13	85.08	85.09	85.12	85.02	85.1	84.68	84.63	84.62	84.48	84.6	84.64	84.59	84.54	84.6	84.78	84.76	84.77	84.81	84.78	84.72	84.76	84.75	84.74	84.71	84.74	84.55	84.76	84.78	84.74	84.78	84.71	84.78	84.77	84.82	84.76	84.71	84.72	84.73	84.75	85.37	84.88	82.92	83.87	84.02	83.92	83.92	83.91	83.81	83.6
Pacuta_ATAC_TP8_1755	83.5	81.49	81.7	88.77	86.64	87.32	88.59	88.61	88.69	88.7	88.7	88.68	88.72	88.7	88.73	88.76	88.81	88.77	88.74	88.66	88.66	88.66	88.67	88.74	88.7	88.28	88.28	88.34	88.45	88.49	88.5	88.57	88.64	89.92	96.77	97.2	97.22	97.34	97.36	97.37	97	100	97.14	82.2	82.2	82.1	82.16	82.15	82.15	81.89	81.92	84.94	84.97	84.93	84.94	84.94	84.97	84.95	85.14	85.12	85.11	85.15	85.12	84.9	85.15	85.16	85.15	85.16	85.17	85.15	85.12	85.11	85.16	85.02	85.11	84.69	84.64	84.63	84.52	84.64	84.69	84.65	84.58	84.62	84.82	84.8	84.8	84.83	84.81	84.75	84.8	84.81	84.77	84.76	84.79	84.6	84.79	84.79	84.77	84.81	84.73	84.81	84.8	84.85	84.75	84.72	84.75	84.77	84.8	85.41	84.93	82.94	83.89	84.05	83.96	83.95	83.94	83.86	83.64
Pacuta_ATAC_TP10_1159	83.42	81.44	81.67	88.7	86.59	87.24	88.51	88.54	88.61	88.62	88.62	88.61	88.62	88.63	88.64	88.69	88.71	88.67	88.67	88.59	88.59	88.61	88.6	88.66	88.64	88.22	88.2	88.29	88.41	88.43	88.46	88.5	88.56	89.82	96.62	97.04	97.06	97.16	97.16	97.16	100	97	96.97	82.16	82.16	82.07	82.12	82.12	82.1	81.83	81.89	84.9	84.91	84.87	84.86	84.86	84.9	84.87	85.1	85.07	85.05	85.09	85.08	84.85	85.1	85.09	85.12	85.11	85.11	85.11	85.07	85.05	85.11	84.98	85.09	84.62	84.57	84.55	84.43	84.54	84.59	84.57	84.47	84.52	84.73	84.72	84.73	84.75	84.72	84.67	84.71	84.7	84.68	84.66	84.68	84.5	84.72	84.7	84.68	84.73	84.67	84.74	84.74	84.79	84.7	84.66	84.71	84.68	84.73	85.35	84.89	82.86	83.83	83.99	83.88	83.89	83.88	83.79	83.57
Pacuta_ATHC_TP5_2212	83.51	81.63	81.73	88.79	86.86	87.66	88.78	88.87	88.93	88.94	88.96	88.98	88.98	88.84	88.85	88.89	88.93	88.83	88.85	88.72	88.73	88.73	88.73	88.79	88.77	88.22	88.54	88.35	88.45	88.52	88.51	88.59	88.64	90.33	97.35	97.51	97.56	97.73	98.05	100	97.16	97.37	97.3	82.2	82.22	82.2	82.26	82.25	82.25	82.1	82.12	85.17	85.23	85.18	85.2	85.19	85.22	85.18	85.25	85.22	85.27	85.27	85.13	84.96	85.25	85.2	85.2	85.21	85.25	85.2	85.18	85.14	85.21	85.05	85.12	84.9	84.88	84.85	84.77	84.86	84.93	84.9	84.82	84.87	84.89	84.91	84.9	84.93	84.88	84.86	84.9	84.94	84.91	84.93	84.95	84.67	84.8	84.82	84.83	84.87	84.8	84.88	84.86	84.88	84.78	84.75	84.76	84.76	84.79	85.61	84.92	83	84.03	84.1	83.97	83.98	84.03	84.02	83.86
Pacuta_ATAC_TP6_1468	83.52	81.63	81.75	88.81	86.87	87.65	88.79	88.89	88.93	88.95	88.97	88.97	89	88.85	88.84	88.89	88.96	88.85	88.85	88.73	88.74	88.74	88.75	88.79	88.76	88.23	88.54	88.35	88.46	88.51	88.53	88.58	88.66	90.31	97.34	97.5	97.54	97.73	100	98.05	97.16	97.36	97.32	82.21	82.23	82.21	82.28	82.27	82.27	82.1	82.13	85.17	85.22	85.18	85.2	85.18	85.22	85.19	85.25	85.23	85.27	85.3	85.14	84.97	85.27	85.22	85.22	85.22	85.24	85.22	85.18	85.15	85.22	85.06	85.13	84.89	84.87	84.85	84.76	84.88	84.91	84.89	84.83	84.87	84.91	84.93	84.91	84.95	84.9	84.86	84.92	84.93	84.92	84.93	84.96	84.67	84.83	84.83	84.85	84.89	84.81	84.88	84.87	84.89	84.79	84.76	84.77	84.77	84.79	85.6	84.92	83	84.02	84.11	83.98	83.97	84.01	83.99	83.85
Pacuta_HTAC_TP6_1744	83.57	81.61	81.81	88.88	86.83	87.54	88.77	88.82	88.86	88.9	88.9	88.86	88.92	88.87	88.91	88.92	88.97	88.86	88.89	88.77	88.76	88.76	88.78	88.85	88.81	88.31	88.46	88.41	88.55	88.58	88.58	88.63	88.69	90.18	97.18	97.47	97.49	100	97.73	97.73	97.16	97.34	97.29	82.27	82.28	82.23	82.31	82.29	82.29	82.05	82.08	85.12	85.17	85.11	85.11	85.11	85.15	85.12	85.29	85.26	85.29	85.31	85.21	85.02	85.33	85.26	85.27	85.25	85.29	85.27	85.23	85.19	85.26	85.11	85.2	84.88	84.84	84.82	84.71	84.81	84.88	84.83	84.77	84.82	84.94	84.96	84.93	85.02	84.95	84.9	84.96	84.96	84.94	84.95	84.98	84.72	84.89	84.88	84.89	84.92	84.84	84.94	84.92	84.95	84.87	84.82	84.84	84.81	84.86	85.57	85.04	83.05	84.05	84.19	84.07	84.04	84.09	84.02	83.84
Pacuta_ATAC_TP1_1775	83.5	81.57	81.76	88.79	86.76	87.48	88.67	88.73	88.78	88.79	88.81	88.81	88.8	88.82	88.81	88.83	88.89	88.82	88.83	88.73	88.72	88.74	88.74	88.79	88.77	88.29	88.39	88.41	88.49	88.54	88.55	88.62	88.65	90.04	96.95	97.3	100	97.49	97.54	97.56	97.06	97.22	97.19	82.21	82.26	82.18	82.24	82.24	82.21	81.97	82.03	85.04	85.07	85.01	85.05	85.03	85.06	85.02	85.22	85.17	85.19	85.21	85.18	84.94	85.2	85.18	85.2	85.19	85.22	85.22	85.18	85.14	85.2	85.04	85.14	84.76	84.71	84.69	84.6	84.71	84.77	84.73	84.64	84.69	84.85	84.88	84.85	84.89	84.82	84.8	84.84	84.86	84.84	84.83	84.84	84.63	84.83	84.79	84.79	84.86	84.78	84.86	84.86	84.88	84.78	84.73	84.78	84.76	84.81	85.5	84.94	82.97	83.97	84.12	83.96	83.94	83.99	83.93	83.74
Pacuta_HTAC_TP9_1486	83.52	81.56	81.75	88.82	86.72	87.43	88.71	88.73	88.78	88.83	88.8	88.78	88.82	88.79	88.82	88.85	88.9	88.79	88.8	88.72	88.7	88.71	88.72	88.78	88.73	88.26	88.38	88.36	88.52	88.55	88.53	88.58	88.64	90.07	97.02	100	97.3	97.47	97.5	97.51	97.04	97.2	97.17	82.24	82.22	82.17	82.23	82.22	82.22	81.95	81.99	85.03	85.06	85.01	85.01	85	85.05	85.03	85.2	85.19	85.18	85.22	85.15	84.93	85.24	85.2	85.2	85.16	85.2	85.17	85.14	85.11	85.2	85.06	85.17	84.77	84.73	84.7	84.57	84.68	84.74	84.7	84.62	84.68	84.85	84.86	84.83	84.89	84.83	84.79	84.82	84.84	84.82	84.8	84.85	84.61	84.78	84.81	84.79	84.82	84.71	84.82	84.83	84.82	84.8	84.75	84.76	84.74	84.77	85.45	84.97	82.95	83.97	84.12	83.98	83.97	83.99	83.91	83.71
Pacuta_HTAC_TP9_1302	83.35	81.46	81.62	88.57	86.58	87.3	88.59	88.63	88.63	88.69	88.69	88.64	88.72	88.61	88.62	88.62	88.68	88.56	88.57	88.5	88.47	88.49	88.49	88.55	88.52	88.02	88.24	88.16	88.29	88.32	88.32	88.34	88.43	89.91	100	97.02	96.95	97.18	97.34	97.35	96.62	96.77	96.8	82.05	82.08	82.03	82.09	82.07	82.07	81.83	81.86	84.88	84.94	84.85	84.86	84.83	84.88	84.86	84.99	84.97	84.98	85.02	84.92	84.72	85.08	84.96	84.95	84.93	84.95	84.97	84.94	84.88	84.97	84.83	84.92	84.65	84.62	84.55	84.41	84.55	84.57	84.56	84.47	84.54	84.62	84.68	84.61	84.7	84.59	84.56	84.61	84.64	84.62	84.62	84.67	84.41	84.58	84.59	84.58	84.61	84.52	84.62	84.62	84.62	84.61	84.55	84.54	84.5	84.54	85.33	84.86	82.76	83.97	83.99	83.79	83.75	83.79	83.78	83.62
Pacuta_ATAC_TP7_1445	84.64	82.61	82.81	87.69	86.14	88.89	88.23	88.3	88.37	88.38	88.38	88.41	88.45	88.23	88.27	88.29	88.36	88.26	88.26	88.14	88.14	88.14	88.16	88.21	88.17	87.68	88.01	87.77	87.89	87.91	87.95	88.02	88.08	100	89.91	90.07	90.04	90.18	90.31	90.33	89.82	89.92	89.92	82.97	82.96	83.01	83.03	83.06	83.06	82.95	82.98	83.73	83.8	83.75	83.77	83.78	83.77	83.77	83.84	83.83	83.83	83.84	83.74	83.53	83.86	83.79	83.81	83.79	83.84	83.79	83.76	83.75	83.78	83.67	83.75	85.37	85.37	85.37	85.31	85.38	85.41	85.38	85.41	85.4	85.34	85.35	85.38	85.4	85.35	85.34	85.41	85.4	85.38	85.4	85.41	85.11	85.21	85.23	85.29	85.29	85.24	85.33	85.26	85.27	85.22	85.21	85.17	85.16	85.18	83.05	82.63	84.96	86.1	86.15	85.99	85.99	86.06	86.17	85.93
Pacuta_ATHC_TP9_2979	84.31	84.02	84.35	87.33	86.2	87.88	97.17	97.29	97.39	97.44	97.4	97.43	97.46	97.32	97.37	97.4	97.49	97.48	97.44	97.21	97.27	97.32	97.3	97.35	97.3	96.59	96.61	96.79	96.86	96.89	97.05	97.13	100	88.08	88.43	88.64	88.65	88.69	88.66	88.64	88.56	88.64	88.61	86.28	86.24	86.19	86.23	86.29	86.33	86.12	86.16	82.36	82.38	82.3	82.31	82.29	82.3	82.31	82.58	82.56	82.51	82.59	82.71	82.67	82.66	82.62	82.66	82.65	82.63	82.67	82.64	82.61	82.63	82.58	82.7	83.18	83.09	83.09	82.95	83.04	83.12	83.09	82.98	83.04	83.29	83.29	83.29	83.32	83.28	83.22	83.26	83.24	83.24	83.18	83.23	83.14	83.34	83.31	83.28	83.32	83.26	83.3	83.35	83.36	83.3	83.26	83.32	83.31	83.37	83.93	83.17	81.61	82.05	82.24	82.08	82.11	82.06	81.98	81.76
Pacuta_ATHC_TP5_1296	84.3	83.99	84.34	87.28	86.18	87.85	97	97.21	97.3	97.3	97.32	97.38	97.31	97.27	97.32	97.34	97.39	97.38	97.38	97.18	97.23	97.25	97.24	97.27	97.27	96.57	96.5	96.76	96.77	96.86	96.99	100	97.13	88.02	88.34	88.58	88.62	88.63	88.58	88.59	88.5	88.57	88.54	86.22	86.2	86.16	86.19	86.24	86.29	86.08	86.12	82.33	82.36	82.26	82.29	82.27	82.3	82.28	82.56	82.55	82.49	82.56	82.69	82.66	82.64	82.6	82.65	82.62	82.63	82.67	82.63	82.6	82.63	82.57	82.67	83.12	83.02	83.02	82.91	83	83.09	83.05	82.93	82.96	83.25	83.27	83.27	83.27	83.24	83.17	83.23	83.21	83.19	83.15	83.18	83.11	83.3	83.25	83.22	83.28	83.24	83.3	83.34	83.32	83.24	83.21	83.3	83.28	83.35	83.89	83.17	81.59	82.05	82.22	82.06	82.09	82.05	81.95	81.74
Pacuta_ATHC_TP4_2993	84.23	83.95	84.3	87.22	86.13	87.8	96.93	97.14	97.18	97.21	97.22	97.26	97.21	97.19	97.21	97.21	97.28	97.26	97.25	97.09	97.1	97.17	97.16	97.15	97.16	96.42	96.4	96.68	96.66	96.76	100	96.99	97.05	87.95	88.32	88.53	88.55	88.58	88.53	88.51	88.46	88.5	88.48	86.16	86.16	86.11	86.14	86.21	86.22	86	86.06	82.28	82.33	82.22	82.25	82.22	82.23	82.23	82.53	82.5	82.44	82.51	82.67	82.6	82.61	82.56	82.6	82.59	82.57	82.62	82.59	82.56	82.59	82.51	82.64	83.1	83	82.99	82.86	82.97	83.03	83.01	82.88	82.93	83.19	83.23	83.22	83.25	83.2	83.14	83.18	83.18	83.15	83.11	83.14	83.08	83.28	83.22	83.19	83.25	83.18	83.25	83.29	83.29	83.21	83.19	83.27	83.22	83.3	83.86	83.14	81.54	82.03	82.21	82.02	82.04	82.02	81.92	81.71
Pacuta_HTHC_TP3_1418	84.23	83.92	84.28	87.19	86.1	87.77	96.85	97.1	97.1	97.13	97.16	97.19	97.15	97.11	97.14	97.17	97.23	97.17	97.18	97.08	97.04	97.04	97.07	97.1	97.06	96.31	96.32	96.56	96.64	100	96.76	96.86	96.89	87.91	88.32	88.55	88.54	88.58	88.51	88.52	88.43	88.49	88.45	86.1	86.1	86.05	86.11	86.15	86.16	85.98	86	82.29	82.32	82.22	82.24	82.22	82.24	82.23	82.53	82.49	82.44	82.53	82.66	82.59	82.61	82.57	82.6	82.57	82.57	82.59	82.58	82.53	82.59	82.51	82.63	83.04	82.95	82.94	82.83	82.93	83.01	82.98	82.86	82.89	83.16	83.21	83.2	83.22	83.16	83.11	83.17	83.14	83.12	83.1	83.12	83.03	83.21	83.16	83.15	83.19	83.13	83.2	83.27	83.24	83.16	83.14	83.21	83.18	83.25	83.82	83.17	81.5	82.03	82.19	82	82.02	81.99	81.89	81.69
Pacuta_HTAC_TP10_1225	84.2	83.87	84.24	87.22	86.1	87.72	96.84	96.93	97	97.04	97.02	97.04	97.05	96.95	97.02	97.05	97.15	97.06	97.07	96.91	96.94	96.94	96.95	97.01	96.94	96.31	96.21	96.45	100	96.64	96.66	96.77	96.86	87.89	88.29	88.52	88.49	88.55	88.46	88.45	88.41	88.45	88.43	86.09	86.03	85.97	86.03	86.07	86.11	85.89	85.93	82.29	82.3	82.22	82.22	82.22	82.23	82.21	82.53	82.51	82.45	82.52	82.65	82.63	82.63	82.57	82.62	82.55	82.57	82.6	82.57	82.54	82.59	82.5	82.66	83.03	82.96	82.95	82.79	82.88	82.99	82.93	82.84	82.88	83.18	83.18	83.15	83.21	83.15	83.08	83.11	83.11	83.1	83.05	83.11	83.03	83.22	83.18	83.17	83.21	83.1	83.18	83.25	83.24	83.17	83.14	83.22	83.17	83.27	83.85	83.2	81.49	81.99	82.17	82.01	82.03	82	81.89	81.66
Pacuta_HTHC_TP1_1676	84.11	83.81	84.18	87.11	85.99	87.65	96.64	96.88	96.91	96.9	96.94	97	96.93	96.95	96.93	96.97	97.01	96.98	96.98	96.84	96.83	96.9	96.9	96.88	96.92	96.21	96.14	100	96.45	96.56	96.68	96.76	96.79	87.77	88.16	88.36	88.41	88.41	88.35	88.35	88.29	88.34	88.32	85.97	85.99	85.92	85.94	86	86.01	85.81	85.84	82.15	82.18	82.07	82.11	82.09	82.1	82.09	82.4	82.36	82.3	82.37	82.54	82.46	82.45	82.42	82.47	82.45	82.43	82.49	82.48	82.42	82.46	82.39	82.53	82.92	82.83	82.82	82.7	82.8	82.87	82.84	82.72	82.76	83.03	83.08	83.06	83.08	83.01	82.97	83.02	83	83	82.94	82.97	82.93	83.15	83.08	83.02	83.1	83.05	83.09	83.14	83.16	83.07	83.05	83.13	83.11	83.18	83.71	83.04	81.4	81.91	82.07	81.89	81.9	81.86	81.77	81.56
Pacuta_ATHC_TP11_2668	84.07	84.53	84.24	87.05	86.17	87.88	96.85	97.03	97.24	97.17	97.15	97.26	97.29	96.93	96.92	96.95	97.12	96.93	96.94	96.73	96.74	96.73	96.74	96.83	96.74	95.88	100	96.14	96.21	96.32	96.4	96.5	96.61	88.01	88.24	88.38	88.39	88.46	88.54	88.54	88.2	88.28	88.26	86.02	85.99	86.14	86.15	86.17	86.23	86.15	86.18	82.32	82.34	82.29	82.29	82.27	82.29	82.28	82.46	82.42	82.4	82.47	82.48	82.48	82.52	82.45	82.49	82.46	82.47	82.47	82.44	82.42	82.44	82.43	82.46	83.15	83.07	83.08	83.01	83.03	83.09	83.07	83	83.03	83.13	83.15	83.16	83.19	83.15	83.07	83.14	83.15	83.13	83.13	83.16	83.08	83.12	83.1	83.11	83.13	83.06	83.14	83.15	83.16	83.07	83.05	83.14	83.07	83.13	83.86	82.85	81.9	81.98	82.05	81.91	81.93	81.95	82	81.84
Pacuta_HTAC_TP6_1330	84.06	83.73	84.15	87.03	85.92	87.5	96.41	96.59	96.64	96.67	96.67	96.7	96.67	96.63	96.68	96.73	96.78	96.79	96.76	96.59	96.64	96.66	96.66	96.68	96.67	100	95.88	96.21	96.31	96.31	96.42	96.57	96.59	87.68	88.02	88.26	88.29	88.31	88.23	88.22	88.22	88.28	88.24	85.94	85.86	85.8	85.85	85.89	85.93	85.69	85.73	82.13	82.15	82.06	82.08	82.07	82.08	82.05	82.38	82.37	82.3	82.37	82.55	82.48	82.47	82.44	82.48	82.44	82.44	82.48	82.46	82.43	82.47	82.41	82.54	82.85	82.76	82.76	82.64	82.74	82.82	82.78	82.66	82.7	83.02	83.03	83.03	83.04	83.02	82.95	82.97	82.98	82.95	82.9	82.93	82.88	83.11	83.05	83.01	83.07	83	83.06	83.12	83.12	83.03	83.02	83.09	83.07	83.17	83.67	83.1	81.37	81.86	82.04	81.89	81.89	81.84	81.74	81.52
Pacuta_HTAC_TP3_2026	84.37	84.1	84.41	87.36	86.31	88.01	97.25	97.48	97.51	97.56	97.58	97.61	97.56	97.52	97.53	97.55	97.65	97.57	97.59	97.39	97.39	97.43	97.43	97.46	100	96.67	96.74	96.92	96.94	97.06	97.16	97.27	97.3	88.17	88.52	88.73	88.77	88.81	88.76	88.77	88.64	88.7	88.67	86.31	86.31	86.29	86.35	86.4	86.43	86.25	86.27	82.43	82.45	82.37	82.4	82.38	82.4	82.39	82.66	82.63	82.59	82.66	82.78	82.73	82.73	82.68	82.74	82.7	82.7	82.73	82.72	82.67	82.72	82.63	82.76	83.24	83.16	83.16	83.04	83.13	83.21	83.18	83.07	83.11	83.35	83.36	83.36	83.38	83.34	83.29	83.33	83.33	83.31	83.27	83.3	83.2	83.39	83.34	83.33	83.37	83.32	83.38	83.43	83.4	83.33	83.31	83.38	83.35	83.42	83.99	83.23	81.66	82.13	82.29	82.14	82.16	82.13	82.04	81.85
Pacuta_ATHC_TP10_2197	84.42	84.14	84.45	87.41	86.35	88.05	97.37	97.49	97.61	97.64	97.62	97.67	97.65	97.55	97.59	97.62	97.72	97.62	97.61	97.4	97.42	97.47	97.46	100	97.46	96.68	96.83	96.88	97.01	97.1	97.15	97.27	97.35	88.21	88.55	88.78	88.79	88.85	88.79	88.79	88.66	88.74	88.7	86.35	86.32	86.32	86.37	86.43	86.46	86.28	86.3	82.49	82.49	82.43	82.43	82.41	82.43	82.43	82.71	82.67	82.63	82.7	82.78	82.77	82.77	82.72	82.77	82.73	82.73	82.75	82.72	82.69	82.73	82.65	82.77	83.29	83.2	83.21	83.08	83.17	83.25	83.21	83.11	83.15	83.38	83.41	83.39	83.44	83.39	83.31	83.37	83.38	83.36	83.31	83.36	83.24	83.41	83.36	83.36	83.4	83.32	83.41	83.45	83.44	83.35	83.31	83.39	83.37	83.45	84.05	83.26	81.7	82.16	82.34	82.18	82.19	82.18	82.1	81.88
Pacuta_HTAC_TP5_1303	84.39	84.11	84.44	87.35	86.3	88.01	97.24	97.48	97.5	97.55	97.57	97.63	97.57	97.54	97.55	97.55	97.64	97.6	97.61	97.4	97.41	97.43	100	97.46	97.43	96.66	96.74	96.9	96.95	97.07	97.16	97.24	97.3	88.16	88.49	88.72	88.74	88.78	88.75	88.73	88.6	88.67	88.63	86.31	86.31	86.31	86.36	86.42	86.44	86.25	86.28	82.44	82.47	82.37	82.4	82.37	82.39	82.39	82.67	82.64	82.58	82.66	82.76	82.73	82.74	82.69	82.72	82.7	82.7	82.73	82.69	82.66	82.7	82.62	82.75	83.23	83.15	83.15	83.05	83.13	83.2	83.17	83.07	83.1	83.35	83.36	83.36	83.4	83.35	83.29	83.33	83.33	83.31	83.29	83.31	83.21	83.38	83.32	83.32	83.37	83.31	83.38	83.43	83.41	83.33	83.29	83.37	83.32	83.43	83.98	83.23	81.68	82.13	82.31	82.14	82.16	82.16	82.04	81.86
Pacuta_ATHC_TP3_1219	84.37	84.08	84.41	87.35	86.29	88	97.23	97.44	97.5	97.53	97.56	97.61	97.56	97.5	97.5	97.53	97.62	97.56	97.58	97.36	97.38	100	97.43	97.47	97.43	96.66	96.73	96.9	96.94	97.04	97.17	97.25	97.32	88.14	88.49	88.71	88.74	88.76	88.74	88.73	88.61	88.66	88.64	86.32	86.3	86.29	86.31	86.38	86.4	86.22	86.26	82.42	82.44	82.36	82.37	82.35	82.37	82.36	82.64	82.62	82.57	82.63	82.74	82.7	82.71	82.66	82.69	82.69	82.68	82.71	82.69	82.65	82.69	82.61	82.73	83.22	83.14	83.14	83.02	83.11	83.2	83.15	83.05	83.1	83.32	83.35	83.34	83.37	83.32	83.27	83.31	83.31	83.28	83.24	83.28	83.2	83.38	83.32	83.31	83.36	83.3	83.38	83.41	83.38	83.31	83.29	83.36	83.33	83.4	83.98	83.21	81.65	82.1	82.28	82.12	82.13	82.11	82.02	81.83
Pacuta_ATHC_TP6_2999	84.38	84.11	84.44	87.35	86.31	87.99	97.21	97.44	97.49	97.51	97.54	97.59	97.58	97.46	97.51	97.53	97.61	97.55	97.54	97.36	100	97.38	97.41	97.42	97.39	96.64	96.74	96.83	96.94	97.04	97.1	97.23	97.27	88.14	88.47	88.7	88.72	88.76	88.74	88.73	88.59	88.66	88.61	86.31	86.28	86.28	86.33	86.38	86.42	86.23	86.25	82.42	82.45	82.37	82.39	82.38	82.38	82.38	82.65	82.62	82.58	82.65	82.75	82.72	82.72	82.68	82.72	82.7	82.69	82.72	82.68	82.65	82.7	82.62	82.73	83.23	83.15	83.14	83.04	83.12	83.22	83.17	83.06	83.11	83.34	83.36	83.35	83.4	83.34	83.28	83.33	83.32	83.3	83.27	83.29	83.2	83.37	83.33	83.32	83.37	83.3	83.39	83.41	83.4	83.31	83.29	83.37	83.33	83.41	83.98	83.22	81.66	82.12	82.28	82.12	82.14	82.11	82.04	81.83
Pacuta_HTHC_TP3_2527	84.36	84.11	84.42	87.32	86.3	88	97.21	97.46	97.5	97.52	97.55	97.59	97.54	97.47	97.5	97.55	97.61	97.51	97.54	100	97.36	97.36	97.4	97.4	97.39	96.59	96.73	96.84	96.91	97.08	97.09	97.18	97.21	88.14	88.5	88.72	88.73	88.77	88.73	88.72	88.59	88.66	88.6	86.28	86.28	86.28	86.34	86.38	86.4	86.23	86.26	82.44	82.47	82.37	82.4	82.38	82.4	82.39	82.67	82.63	82.58	82.66	82.75	82.72	82.73	82.69	82.71	82.7	82.7	82.71	82.7	82.66	82.71	82.61	82.74	83.22	83.15	83.13	83.04	83.12	83.2	83.17	83.06	83.09	83.33	83.36	83.35	83.38	83.33	83.25	83.33	83.32	83.3	83.27	83.29	83.2	83.35	83.3	83.31	83.35	83.28	83.36	83.42	83.39	83.3	83.27	83.35	83.31	83.39	83.97	83.23	81.67	82.15	82.3	82.13	82.16	82.14	82.04	81.85
Pacuta_HTHC_TP5_1168	84.43	84.18	84.49	87.4	86.38	88.11	97.41	97.67	97.71	97.74	97.81	97.83	97.81	97.68	97.72	97.73	97.83	97.76	100	97.54	97.54	97.58	97.61	97.61	97.59	96.76	96.94	96.98	97.07	97.18	97.25	97.38	97.44	88.26	88.57	88.8	88.83	88.89	88.85	88.85	88.67	88.74	88.71	86.39	86.37	86.39	86.44	86.5	86.54	86.36	86.4	82.5	82.53	82.45	82.47	82.46	82.47	82.46	82.71	82.69	82.65	82.71	82.81	82.79	82.79	82.74	82.78	82.75	82.75	82.76	82.75	82.71	82.75	82.66	82.78	83.3	83.22	83.23	83.12	83.21	83.29	83.26	83.16	83.19	83.41	83.42	83.42	83.46	83.4	83.35	83.39	83.4	83.36	83.34	83.39	83.26	83.42	83.38	83.38	83.42	83.36	83.42	83.47	83.45	83.37	83.34	83.4	83.38	83.45	84.08	83.25	81.74	82.18	82.34	82.17	82.2	82.2	82.1	81.92
Pacuta_ATHC_TP8_2861	84.43	84.17	84.49	87.41	86.38	88.11	97.44	97.65	97.71	97.76	97.76	97.81	97.8	97.65	97.69	97.72	97.82	100	97.76	97.51	97.55	97.56	97.6	97.62	97.57	96.79	96.93	96.98	97.06	97.17	97.26	97.38	97.48	88.26	88.56	88.79	88.82	88.86	88.85	88.83	88.67	88.77	88.72	86.39	86.35	86.37	86.41	86.48	86.51	86.35	86.37	82.48	82.5	82.44	82.44	82.43	82.44	82.44	82.68	82.67	82.63	82.7	82.77	82.76	82.76	82.71	82.76	82.73	82.73	82.75	82.7	82.7	82.73	82.66	82.77	83.3	83.2	83.23	83.09	83.18	83.26	83.22	83.14	83.19	83.39	83.41	83.41	83.44	83.4	83.33	83.39	83.38	83.35	83.33	83.36	83.24	83.42	83.38	83.37	83.4	83.34	83.39	83.44	83.44	83.36	83.34	83.4	83.39	83.46	84.05	83.23	81.7	82.14	82.3	82.16	82.19	82.17	82.06	81.88
Pacuta_ATAC_TP7_1047	84.49	84.25	84.54	87.44	86.46	88.2	97.6	97.8	97.88	97.93	97.92	97.98	97.99	97.79	97.85	97.84	100	97.82	97.83	97.61	97.61	97.62	97.64	97.72	97.65	96.78	97.12	97.01	97.15	97.23	97.28	97.39	97.49	88.36	88.68	88.9	88.89	88.97	88.96	88.93	88.71	88.81	88.78	86.41	86.39	86.45	86.51	86.57	86.61	86.45	86.47	82.56	82.58	82.52	82.53	82.51	82.52	82.53	82.76	82.74	82.71	82.76	82.81	82.81	82.83	82.77	82.8	82.78	82.77	82.77	82.76	82.73	82.76	82.69	82.79	83.38	83.31	83.31	83.19	83.27	83.35	83.32	83.22	83.28	83.45	83.47	83.46	83.51	83.45	83.39	83.45	83.45	83.43	83.42	83.45	83.28	83.43	83.42	83.42	83.45	83.37	83.46	83.49	83.48	83.4	83.37	83.43	83.41	83.48	84.14	83.29	81.76	82.22	82.39	82.22	82.24	82.25	82.15	81.98
Pacuta_ATAC_TP6_1050	84.44	84.2	84.49	87.41	86.39	88.14	97.45	97.7	97.73	97.78	97.81	97.85	97.8	97.68	97.76	100	97.84	97.72	97.73	97.55	97.53	97.53	97.55	97.62	97.55	96.73	96.95	96.97	97.05	97.17	97.21	97.34	97.4	88.29	88.62	88.85	88.83	88.92	88.89	88.89	88.69	88.76	88.72	86.37	86.36	86.41	86.46	86.51	86.56	86.38	86.4	82.52	82.55	82.46	82.47	82.46	82.47	82.46	82.73	82.7	82.66	82.74	82.79	82.78	82.8	82.73	82.78	82.73	82.76	82.77	82.73	82.7	82.76	82.65	82.78	83.33	83.26	83.25	83.14	83.22	83.31	83.27	83.17	83.22	83.42	83.45	83.45	83.49	83.42	83.35	83.41	83.43	83.4	83.39	83.41	83.27	83.42	83.39	83.4	83.43	83.35	83.44	83.48	83.46	83.37	83.34	83.41	83.37	83.46	84.09	83.28	81.73	82.21	82.36	82.19	82.2	82.21	82.12	81.93
Pacuta_HTAC_TP7_1487	84.43	84.2	84.48	87.39	86.39	88.12	97.42	97.69	97.7	97.77	97.79	97.82	97.8	97.7	100	97.76	97.85	97.69	97.72	97.5	97.51	97.5	97.55	97.59	97.53	96.68	96.92	96.93	97.02	97.14	97.21	97.32	97.37	88.27	88.62	88.82	88.81	88.91	88.84	88.85	88.64	88.73	88.7	86.37	86.37	86.41	86.48	86.53	86.56	86.38	86.39	82.51	82.54	82.45	82.48	82.47	82.48	82.47	82.73	82.7	82.68	82.75	82.79	82.78	82.82	82.74	82.77	82.75	82.74	82.76	82.73	82.71	82.76	82.66	82.79	83.33	83.25	83.25	83.12	83.22	83.3	83.27	83.16	83.2	83.41	83.46	83.41	83.48	83.4	83.34	83.42	83.42	83.39	83.37	83.4	83.25	83.41	83.37	83.37	83.41	83.34	83.43	83.47	83.45	83.37	83.34	83.39	83.35	83.45	84.07	83.27	81.71	82.22	82.36	82.18	82.19	82.21	82.12	81.92
Pacuta_ATHC_TP1_2977	84.41	84.19	84.49	87.37	86.37	88.13	97.42	97.72	97.67	97.74	97.77	97.85	97.77	100	97.7	97.68	97.79	97.65	97.68	97.47	97.46	97.5	97.54	97.55	97.52	96.63	96.93	96.95	96.95	97.11	97.19	97.27	97.32	88.23	88.61	88.79	88.82	88.87	88.85	88.84	88.63	88.7	88.66	86.33	86.36	86.42	86.45	86.51	86.53	86.36	86.4	82.5	82.54	82.45	82.46	82.43	82.46	82.45	82.72	82.67	82.64	82.7	82.77	82.74	82.79	82.71	82.75	82.72	82.71	82.74	82.72	82.68	82.71	82.63	82.74	83.31	83.24	83.22	83.1	83.21	83.28	83.25	83.14	83.18	83.37	83.42	83.39	83.45	83.37	83.31	83.39	83.38	83.37	83.35	83.38	83.23	83.38	83.33	83.35	83.39	83.32	83.39	83.44	83.42	83.34	83.31	83.37	83.32	83.41	84.07	83.25	81.7	82.2	82.34	82.16	82.17	82.17	82.11	81.93
Pacuta_HTAC_TP8_1329	84.43	84.3	84.49	87.35	86.46	88.29	97.75	97.96	98.02	98.1	98.06	98.16	100	97.77	97.8	97.8	97.99	97.8	97.81	97.54	97.58	97.56	97.57	97.65	97.56	96.67	97.29	96.93	97.05	97.15	97.21	97.31	97.46	88.45	88.72	88.82	88.8	88.92	89	88.98	88.62	88.72	88.68	86.35	86.32	86.41	86.45	86.51	86.57	86.5	86.52	82.52	82.55	82.49	82.51	82.48	82.51	82.5	82.65	82.64	82.62	82.69	82.69	82.7	82.73	82.67	82.7	82.65	82.66	82.68	82.65	82.62	82.66	82.59	82.68	83.35	83.3	83.31	83.19	83.27	83.34	83.3	83.25	83.28	83.37	83.39	83.37	83.42	83.39	83.31	83.37	83.38	83.35	83.35	83.41	83.21	83.34	83.32	83.35	83.35	83.28	83.36	83.38	83.37	83.3	83.29	83.33	83.3	83.36	84.11	83.16	81.68	82.16	82.27	82.11	82.14	82.15	82.11	81.95
Pacuta_ATHC_TP1_1207	84.4	84.31	84.49	87.33	86.45	88.3	97.66	97.98	98.04	98.06	98.09	100	98.16	97.85	97.82	97.85	97.98	97.81	97.83	97.59	97.59	97.61	97.63	97.67	97.61	96.7	97.26	97	97.04	97.19	97.26	97.38	97.43	88.41	88.64	88.78	88.81	88.86	88.97	88.98	88.61	88.68	88.64	86.34	86.33	86.42	86.46	86.51	86.57	86.52	86.55	82.53	82.55	82.47	82.51	82.48	82.49	82.49	82.66	82.62	82.59	82.65	82.69	82.7	82.71	82.64	82.69	82.65	82.65	82.68	82.64	82.61	82.64	82.56	82.65	83.33	83.26	83.26	83.18	83.25	83.33	83.29	83.21	83.24	83.34	83.38	83.37	83.41	83.34	83.3	83.37	83.37	83.34	83.34	83.38	83.2	83.32	83.3	83.31	83.34	83.27	83.35	83.38	83.36	83.26	83.26	83.31	83.28	83.35	84.09	83.13	81.66	82.13	82.24	82.08	82.11	82.13	82.1	81.91
Pacuta_HTAC_TP5_1571	84.41	84.27	84.48	87.34	86.44	88.25	97.65	97.96	97.92	98.01	100	98.09	98.06	97.77	97.79	97.81	97.92	97.76	97.81	97.55	97.54	97.56	97.57	97.62	97.58	96.67	97.15	96.94	97.02	97.16	97.22	97.32	97.4	88.38	88.69	88.8	88.81	88.9	88.97	88.96	88.62	88.7	88.66	86.32	86.32	86.4	86.45	86.5	86.56	86.47	86.49	82.52	82.56	82.48	82.51	82.49	82.49	82.49	82.67	82.64	82.62	82.69	82.73	82.73	82.76	82.68	82.72	82.68	82.7	82.7	82.67	82.64	82.69	82.59	82.7	83.34	83.27	83.27	83.17	83.25	83.32	83.31	83.22	83.24	83.36	83.39	83.39	83.43	83.37	83.3	83.38	83.39	83.35	83.36	83.39	83.21	83.35	83.31	83.34	83.37	83.29	83.38	83.41	83.38	83.31	83.27	83.33	83.31	83.37	84.09	83.19	81.67	82.2	82.29	82.11	82.13	82.15	82.12	81.95
Pacuta_ATHC_TP7_1281	84.41	84.26	84.48	87.36	86.44	88.22	97.71	97.87	97.95	100	98.01	98.06	98.1	97.74	97.77	97.78	97.93	97.76	97.74	97.52	97.51	97.53	97.55	97.64	97.56	96.67	97.17	96.9	97.04	97.13	97.21	97.3	97.44	88.38	88.69	88.83	88.79	88.9	88.95	88.94	88.62	88.7	88.7	86.37	86.33	86.41	86.46	86.5	86.58	86.46	86.48	82.53	82.57	82.5	82.51	82.49	82.52	82.51	82.69	82.66	82.64	82.7	82.74	82.73	82.76	82.7	82.74	82.69	82.7	82.71	82.68	82.66	82.69	82.62	82.72	83.36	83.3	83.3	83.16	83.25	83.32	83.29	83.2	83.27	83.38	83.39	83.38	83.42	83.37	83.31	83.36	83.38	83.36	83.33	83.39	83.2	83.35	83.33	83.34	83.35	83.29	83.38	83.39	83.38	83.32	83.29	83.34	83.32	83.38	84.09	83.19	81.68	82.19	82.29	82.13	82.15	82.16	82.12	81.94
Pacuta_ATHC_TP11_2879	84.39	84.29	84.47	87.35	86.42	88.23	97.61	97.79	100	97.95	97.92	98.04	98.02	97.67	97.7	97.73	97.88	97.71	97.71	97.5	97.49	97.5	97.5	97.61	97.51	96.64	97.24	96.91	97	97.1	97.18	97.3	97.39	88.37	88.63	88.78	88.78	88.86	88.93	88.93	88.61	88.69	88.67	86.33	86.31	86.4	86.43	86.47	86.54	86.45	86.48	82.52	82.53	82.48	82.47	82.46	82.49	82.47	82.66	82.63	82.59	82.66	82.68	82.7	82.72	82.67	82.7	82.66	82.67	82.69	82.66	82.63	82.67	82.59	82.68	83.34	83.27	83.27	83.15	83.23	83.31	83.27	83.18	83.22	83.35	83.37	83.36	83.4	83.35	83.29	83.35	83.35	83.33	83.33	83.35	83.19	83.34	83.3	83.33	83.34	83.28	83.36	83.38	83.37	83.28	83.26	83.33	83.3	83.36	84.1	83.15	81.69	82.14	82.25	82.11	82.14	82.12	82.11	81.94
Pacuta_HTHC_TP4_1169	84.36	84.21	84.44	87.26	86.36	88.17	97.53	100	97.79	97.87	97.96	97.98	97.96	97.72	97.69	97.7	97.8	97.65	97.67	97.46	97.44	97.44	97.48	97.49	97.48	96.59	97.03	96.88	96.93	97.1	97.14	97.21	97.29	88.3	88.63	88.73	88.73	88.82	88.89	88.87	88.54	88.61	88.57	86.26	86.27	86.34	86.4	86.46	86.48	86.38	86.43	82.48	82.51	82.41	82.45	82.42	82.44	82.43	82.63	82.58	82.57	82.64	82.67	82.66	82.72	82.61	82.66	82.62	82.63	82.66	82.63	82.59	82.64	82.54	82.64	83.27	83.19	83.19	83.09	83.19	83.24	83.23	83.13	83.16	83.3	83.35	83.31	83.37	83.29	83.24	83.31	83.32	83.29	83.27	83.32	83.14	83.29	83.25	83.27	83.3	83.23	83.31	83.35	83.31	83.24	83.21	83.27	83.24	83.31	84.03	83.16	81.62	82.17	82.25	82.06	82.07	82.09	82.06	81.91
Pacuta_HTHC_TP11_1416	84.34	84.13	84.36	87.3	86.31	88.05	100	97.53	97.61	97.71	97.65	97.66	97.75	97.42	97.42	97.45	97.6	97.44	97.41	97.21	97.21	97.23	97.24	97.37	97.25	96.41	96.85	96.64	96.84	96.85	96.93	97	97.17	88.23	88.59	88.71	88.67	88.77	88.79	88.78	88.51	88.59	88.58	86.23	86.19	86.24	86.29	86.33	86.39	86.27	86.29	82.45	82.46	82.44	82.4	82.38	82.41	82.4	82.62	82.59	82.55	82.62	82.68	82.69	82.7	82.63	82.66	82.61	82.62	82.64	82.62	82.59	82.63	82.56	82.66	83.28	83.23	83.25	83.03	83.14	83.2	83.18	83.1	83.13	83.28	83.32	83.28	83.33	83.29	83.21	83.26	83.28	83.26	83.23	83.29	83.12	83.29	83.26	83.29	83.28	83.2	83.29	83.32	83.31	83.25	83.21	83.27	83.23	83.31	84.05	83.17	81.6	82.13	82.22	82.06	82.08	82.1	82.05	81.86
Pacuta_HTHC_TP1_2210	81.97	86.66	87.22	86.91	94.36	100	88.05	88.17	88.23	88.22	88.25	88.3	88.29	88.13	88.12	88.14	88.2	88.11	88.11	88	87.99	88	88.01	88.05	88.01	87.5	87.88	87.65	87.72	87.77	87.8	87.85	87.88	88.89	87.3	87.43	87.48	87.54	87.65	87.66	87.24	87.32	87.29	82.94	82.94	83	83.05	83.07	83.07	83.02	83.04	81.24	81.27	81.2	81.24	81.22	81.23	81.23	81.35	81.31	81.31	81.35	81.32	81.04	81.37	81.33	81.34	81.31	81.36	81.34	81.31	81.3	81.32	81.26	81.31	82.14	82.1	82.09	82.03	82.09	82.16	82.11	82.08	82.08	82.15	82.17	82.15	82.2	82.13	82.12	82.17	82.17	82.15	82.17	82.17	82.03	82.13	82.09	82.11	82.14	82.06	82.17	82.18	82.15	82.1	82.06	82.09	82.06	82.09	84.03	81.34	81.78	82.35	82.42	82.3	82.29	82.32	82.33	82.19
Pacuta_ATAC_TP5_1059	81.63	87.24	87.9	89.48	100	94.36	86.31	86.36	86.42	86.44	86.44	86.45	86.46	86.37	86.39	86.39	86.46	86.38	86.38	86.3	86.31	86.29	86.3	86.35	86.31	85.92	86.17	85.99	86.1	86.1	86.13	86.18	86.2	86.14	86.58	86.72	86.76	86.83	86.87	86.86	86.59	86.64	86.62	81.78	81.74	81.78	81.8	81.81	81.8	81.69	81.71	80.77	80.81	80.75	80.76	80.77	80.78	80.76	80.94	80.9	80.88	80.94	80.97	80.67	80.98	80.93	80.96	80.94	80.94	80.93	80.91	80.9	80.94	80.89	80.96	81.45	81.39	81.38	81.3	81.38	81.45	81.41	81.34	81.35	81.49	81.5	81.48	81.53	81.48	81.44	81.49	81.5	81.47	81.46	81.47	81.37	81.48	81.45	81.44	81.49	81.39	81.51	81.53	81.52	81.46	81.42	81.48	81.44	81.47	83.37	80.56	81.21	81.69	81.78	81.65	81.63	81.68	81.66	81.51
Pacuta_ATHC_TP10_1205	85.22	84.58	84.99	100	89.48	86.91	87.3	87.26	87.35	87.36	87.34	87.33	87.35	87.37	87.39	87.41	87.44	87.41	87.4	87.32	87.35	87.35	87.35	87.41	87.36	87.03	87.05	87.11	87.22	87.19	87.22	87.28	87.33	87.69	88.57	88.82	88.79	88.88	88.81	88.79	88.7	88.77	88.76	81.22	81.2	81.14	81.16	81.18	81.15	80.91	80.95	82.12	82.14	82.08	82.07	82.06	82.09	82.07	82.34	82.33	82.26	82.35	82.41	82.13	82.39	82.37	82.39	82.38	82.38	82.38	82.37	82.33	82.39	82.34	82.43	81.8	81.72	81.71	81.59	81.69	81.74	81.7	81.61	81.66	81.91	81.91	81.88	81.92	81.88	81.83	81.86	81.86	81.84	81.8	81.84	81.79	81.94	81.91	81.87	81.93	81.85	81.93	81.98	81.97	81.94	81.88	81.94	81.9	81.96	82.26	82.06	81.68	82.12	82.24	82.1	82.11	82.1	82.02	81.83
Pacuta_HTHC_TP6_1721	79.45	95.16	100	84.99	87.9	87.22	84.36	84.44	84.47	84.48	84.48	84.49	84.49	84.49	84.48	84.49	84.54	84.49	84.49	84.42	84.44	84.41	84.44	84.45	84.41	84.15	84.24	84.18	84.24	84.28	84.3	84.34	84.35	82.81	81.62	81.75	81.76	81.81	81.75	81.73	81.67	81.7	81.7	81.14	81.11	81.11	81.14	81.15	81.16	81.01	81.04	78.59	78.62	78.53	78.58	78.57	78.58	78.58	78.79	78.75	78.73	78.79	78.83	78.82	78.84	78.78	78.83	78.79	78.81	78.81	78.78	78.77	78.81	78.77	78.85	80.13	80.06	80.06	79.97	80.02	80.1	80.08	79.99	80.02	80.2	80.2	80.2	80.23	80.19	80.16	80.2	80.2	80.18	80.14	80.18	80.08	80.23	80.18	80.17	80.23	80.14	80.26	80.3	80.24	80.2	80.18	80.24	80.2	80.25	78.71	76.37	77.42	77.77	77.86	77.79	77.75	77.76	77.66	77.53
Pacuta_HTAC_TP1_1653	79.1	100	95.16	84.58	87.24	86.66	84.13	84.21	84.29	84.26	84.27	84.31	84.3	84.19	84.2	84.2	84.25	84.17	84.18	84.11	84.11	84.08	84.11	84.14	84.1	83.73	84.53	83.81	83.87	83.92	83.95	83.99	84.02	82.61	81.46	81.56	81.57	81.61	81.63	81.63	81.44	81.49	81.47	80.89	80.9	81.06	81	81.01	81.03	80.98	81	78.53	78.58	78.51	78.54	78.55	78.56	78.53	78.65	78.63	78.63	78.67	78.63	78.63	78.7	78.62	78.66	78.63	78.66	78.66	78.61	78.6	78.64	78.66	78.64	79.99	79.98	79.96	79.98	79.94	80	79.97	79.92	79.93	79.99	80.01	79.99	80.03	79.99	79.98	80.02	80.03	79.99	80.01	80.03	80.03	79.98	79.94	79.94	79.99	79.91	80.03	80.03	79.99	79.95	79.94	79.99	79.91	79.97	78.77	76.25	78.2	77.76	77.76	77.7	77.67	77.71	77.78	77.71
Pacuta_ATHC_TP10_2550	100	79.1	79.45	85.22	81.63	81.97	84.34	84.36	84.39	84.41	84.41	84.4	84.43	84.41	84.43	84.44	84.49	84.43	84.43	84.36	84.38	84.37	84.39	84.42	84.37	84.06	84.07	84.11	84.2	84.23	84.23	84.3	84.31	84.64	83.35	83.52	83.5	83.57	83.52	83.51	83.42	83.5	83.45	79.45	79.43	79.42	79.47	79.45	79.47	79.24	79.28	79.34	79.37	79.3	79.32	79.31	79.33	79.32	79.57	79.5	79.46	79.54	79.61	79.61	79.59	79.55	79.6	79.56	79.56	79.53	79.54	79.52	79.57	79.5	79.59	85.22	85.19	85.24	85.16	85.22	85.29	85.27	85.23	85.25	85.23	85.25	85.26	85.31	85.26	85.25	85.3	85.32	85.3	85.34	85.34	84.94	85.09	85.13	85.15	85.19	85.15	85.21	85.17	85.15	85.08	85.09	85.01	85.05	85.02	80.29	81.27	84.53	85.49	85.63	85.95	85.98	86.08	85.58	85.85
